地    区,总合计,合计男,合计女,0岁小计,0岁男,0岁女,1-4岁小计,1-4岁男,1-4岁女,5-9岁小计,5-9岁男,5-9岁女,10-14岁小计,10-14岁男,10-14岁女,15-19岁小计,15-19岁男,15-19岁女,20-24岁小计,20-24岁男,20-24岁女,25-29岁小计,25-29岁男,25-29岁女,30-34岁小计,30-34岁男,30-34岁女,35-39岁小计,35-39岁男,35-39岁女,40-44岁小计,40-44岁男,40-44岁女,45-49岁小计,45-49岁男,45-49岁女,50-54岁小计,50-54岁男,50-54岁女,55-59岁小计,55-59岁男,55-59岁女,60-64岁小计,60-64岁男,60-64岁女,65-69岁小计,65-69岁男,65-69岁女,70-74岁小计,70-74岁男,70-74岁女,75-79岁小计,75-79岁男,75-79岁女,80-84岁小计,80-84岁男,80-84岁女,85-89岁小计,85-89岁男,85-89岁女,90-94岁小计,90-94岁男,90-94岁女,95-99岁小计,95-99岁男,95-99岁女,100岁及以上小计,100岁及以上男,100岁及以上女
全    国,55566004,28114458,27451546,356224,187090,169134,2421970,1273763,1148207,3068696,1633959,1434737,2581153,1378650,1202503,3200858,1682012,1518846,3653012,1865344,1787668,4251183,2171578,2079605,5905083,2982097,2922986,4772139,2419603,2352536,4161673,2113207,2048466,4587791,2334395,2253396,4346645,2185928,2160717,3674992,1824170,1850822,2676434,1312078,1364356,2412918,1152613,1260305,1495476,709144,786332,910660,416427,494233,631454,280897,350557,329421,140447,188974,105560,43216,62344,20495,7225,13270,2167,615,1552
北    京,1690884,843767,847117,9789,5133,4656,63444,32862,30582,74441,38956,35485,50565,26391,24174,48902,25654,23248,101188,51362,49826,142408,71742,70666,189659,95259,94400,175602,88162,87440,129473,66272,63201,121483,61698,59785,116822,58829,57993,123000,61030,61970,111923,53669,58254,97001,45697,51304,52424,24662,27762,32288,14326,17962,28296,12184,16112,16104,7184,8920,5055,2275,2780,932,390,542,85,30,55
天    津,944867,476846,468021,5018,2589,2429,34217,17686,16531,44620,23516,21104,36715,19524,17191,41740,22332,19408,54842,28934,25908,59721,30877,28844,96490,49210,47280,89561,45627,43934,66401,33770,32631,64543,32829,31714,64481,32633,31848,73230,36579,36651,71802,35086,36716,61949,29527,32422,35834,16932,18902,20233,9106,11127,13453,5825,7628,7201,3112,4089,2336,963,1373,434,175,259,46,14,32
河    北,2126601,1054891,1071710,14138,7296,6842,100561,52499,48062,138317,73308,65009,117072,61645,55427,142823,74545,68278,109876,54536,55340,127723,62818,64905,222759,108385,114374,192437,94757,97680,155005,77143,77862,157437,77381,80056,154572,75844,78728,136914,67067,69847,113017,55282,57735,103240,49173,54067,63493,29254,34239,36298,16398,19900,24902,10933,13969,11818,4928,6890,3518,1439,2079,635,244,391,46,16,30
山    西,1250681,620139,630542,8636,4433,4203,56375,29112,27263,71857,37158,34699,66571,34349,32222,77470,38396,39074,78504,37248,41256,91415,44406,47009,123583,60580,63003,107558,53513,54045,90431,44864,45567,107656,53117,54539,98273,49156,49117,84839,42734,42105,65135,33042,32093,50198,24614,25584,29684,14081,15603,19009,8685,10324,14544,6467,8077,6789,3145,3644,1847,904,943,287,128,159,20,7,13
内 蒙 古,902670,448069,454601,5951,3028,2923,36873,18973,17900,46986,24587,22399,41391,21420,19971,44150,22419,21731,51356,25264,26092,61995,30675,31320,89348,44401,44947,79806,40063,39743,68452,34071,34381,82679,40971,41708,77258,38589,38669,67912,33915,33997,50975,25164,25811,38771,18397,20374,23417,10420,12997,16676,7124,9552,12198,5504,6694,4922,2275,2647,1331,691,640,205,110,95,18,8,10
辽    宁,2448098,1207301,1240797,11284,5778,5506,75195,38739,36456,100504,52275,48229,85625,44916,40709,98648,50944,47704,113763,57405,56358,137739,68768,68971,232114,115376,116738,207047,103102,103945,192854,96326,96528,200520,99492,101028,202695,99680,103015,218371,107568,110803,192269,93380,98889,161394,76719,84675,89375,41546,47829,57018,25337,31681,41670,17102,24568,21604,9176,12428,7033,3113,3920,1258,526,732,118,33,85
吉    林,939957,456993,482964,4042,2059,1983,28249,14531,13718,39676,20863,18813,39024,20399,18625,42201,21295,20906,41642,20355,21287,56506,27180,29326,89106,43468,45638,75127,36970,38157,77481,38149,39332,82612,40447,42165,84474,41146,43328,79768,38831,40937,65561,31367,34194,57474,26577,30897,34264,15308,18956,20744,8725,12019,13688,5782,7906,6119,2545,3574,1855,847,1008,304,125,179,40,24,16
黑 龙 江,1344586,658916,685670,4717,2424,2293,30242,15730,14512,45512,23470,22042,47916,24728,23188,63429,31858,31571,72112,35597,36515,72578,35892,36686,117603,57979,59624,109423,54000,55423,107775,53528,54247,129953,64672,65281,126253,62667,63586,124486,61608,62878,98481,47626,50855,81769,38172,43597,48787,22011,26776,29531,12233,17298,21551,9079,12472,9372,4205,5167,2624,1242,1382,426,181,245,46,14,32
上    海,1916434,970076,946358,8119,4261,3858,57020,29570,27450,74747,39081,35666,54497,28695,25802,53514,28922,24592,114938,60301,54637,172343,88708,83635,211804,109174,102630,183858,93642,90216,143865,73842,70023,129490,66309,63181,126184,64374,61810,128148,63988,64160,141734,68964,72770,131837,64188,67649,79547,39942,39605,41143,19961,21182,28426,12903,15523,23703,9421,14282,9101,3097,6004,2178,665,1513,238,68,170
江    苏,3893982,1971117,1922865,23435,12332,11103,154306,80578,73728,212571,113698,98873,174258,94230,80028,195559,104703,90856,234455,123688,110767,296806,153325,143481,429918,215992,213926,319678,159950,159728,290579,146070,144509,298507,151899,146608,330124,163760,166364,271948,133611,138337,190371,93907,96464,183495,89186,94309,122883,60000,62883,75068,35571,39497,50293,22676,27617,27829,11584,16245,9745,3670,6075,1938,629,1309,216,58,158
浙    江,3357273,1749966,1607307,20263,10539,9724,133495,70243,63252,162565,86732,75833,130204,69933,60271,164763,87681,77082,237531,125672,111859,296315,157749,138566,380233,200142,180091,305494,160358,145136,271452,142837,128615,293835,154235,139600,275854,143814,132040,218983,112076,106907,149613,75348,74265,126216,62096,64120,83642,40724,42918,45551,22241,23310,32066,14891,17175,20993,9444,11549,6788,2741,4047,1302,432,870,115,38,77
安    徽,1551833,770791,781042,11117,5862,5255,76152,39911,36241,93158,50427,42731,80053,43364,36689,93032,48311,44721,93389,46346,47043,115534,56582,58952,151744,72460,79284,114249,55373,58876,113906,55783,58123,128750,64269,64481,138210,67498,70712,111991,54158,57833,59254,29847,29407,65297,31326,33971,42459,20506,21953,30012,13910,16102,19681,8944,10737,10012,4350,5662,3137,1320,1817,629,225,404,67,19,48
福    建,1655761,848704,807057,12634,6746,5888,83820,45367,38453,111790,60615,51175,88552,47772,40780,91080,48412,42668,105611,54824,50787,133761,69831,63930,185965,93541,92424,156091,78622,77469,132059,67852,64207,140456,72201,68255,119704,60469,59235,94615,47059,47556,66025,32390,33635,54939,26475,28464,33571,16179,17392,20145,9547,10598,14146,6477,7669,7616,3145,4471,2596,1018,1578,529,151,378,56,11,45
江    西,1341561,680729,660832,8893,4826,4067,63221,34451,28770,91049,49798,41251,90453,49452,41001,122990,65085,57905,102855,52838,50017,84224,42002,42222,115791,55830,59961,93178,45139,48039,102102,50307,51795,106793,53954,52839,97255,48632,48623,80877,40469,40408,58940,29378,29562,49574,24230,25344,32032,15634,16398,19194,9001,10193,13229,5999,7230,6445,2750,3695,2008,802,1206,415,140,275,43,12,31
山    东,3936819,1978043,1958776,29178,15390,13788,227297,119300,107997,240827,129554,111273,200207,107455,92752,260857,134052,126805,227817,113273,114544,208837,106152,102685,423690,212808,210882,329223,165634,163589,291520,146655,144865,314281,158865,155416,304568,152048,152520,259804,128369,131435,193017,94165,98852,177118,83901,93217,107658,49133,58525,65803,29538,36265,43471,19292,24179,22498,9165,13333,7575,2842,4733,1428,427,1001,145,25,120
河    南,2478185,1224922,1253263,16863,8779,8084,124016,64767,59249,172269,91941,80328,157106,85142,71964,193681,101350,92331,155617,75612,80005,155164,75410,79754,259021,123521,135500,182502,88019,94483,173447,84398,89049,193650,95628,98022,189040,92528,96512,152342,74040,78302,105836,51148,54688,99764,46901,52863,62948,29185,33763,39597,17457,22140,27009,11590,15419,13336,5571,7765,4091,1656,2435,792,262,530,94,17,77
湖    北,2481489,1251822,1229667,14717,7812,6905,101049,53644,47405,130229,70521,59708,113834,61675,52159,163144,86422,76722,151212,78082,73130,180194,91172,89022,250375,123032,127343,194777,97229,97548,182634,91085,91549,199593,101515,98078,208385,104600,103785,183122,91002,92120,127032,62187,64845,115974,55717,60257,76855,36887,39968,42840,19642,23198,27051,11883,15168,13897,5915,7982,3702,1519,2183,780,259,521,93,22,71
湖    南,1874406,936596,937810,10597,5612,4985,82109,43689,38420,115759,61808,53951,102138,54580,47558,146578,76351,70227,123282,60973,62309,107310,52232,55078,187398,89138,98260,151691,74057,77634,130045,64405,65640,153284,77257,76027,157190,77948,79242,131803,65542,66261,82031,40822,41209,78986,38253,40733,50945,24860,26085,28952,13678,15274,21002,9634,11368,9815,4336,5479,2955,1241,1714,499,174,325,37,6,31
广    东,7438590,3984956,3453634,51065,27218,23847,330997,177581,153416,408245,220475,187770,323545,176575,146970,395978,222284,173694,631869,349312,282557,809675,444537,365138,938313,513195,425118,765171,415595,349576,606015,327208,278807,620246,330677,289569,507520,269339,238181,364908,188185,176723,230219,112412,117807,192395,91093,101302,116672,55880,60792,64478,29705,34773,46120,20368,25752,24944,9844,15100,8201,2922,5279,1826,507,1319,188,44,144
广    西,1377109,692140,684969,11745,6309,5436,76738,41003,35735,101357,54677,46680,80423,43475,36948,108796,55894,52902,90234,43676,46558,89231,44939,44292,134958,66054,68904,125750,62543,63207,110103,55379,54724,105234,53922,51312,92922,46905,46017,77832,37532,40300,53436,25590,27846,48789,23095,25694,30204,14441,15763,17995,8010,9985,12616,5404,7212,6326,2437,3889,1934,700,1234,413,140,273,73,15,58
海    南,336134,174185,161949,2664,1449,1215,17901,9823,8078,23364,13096,10268,19339,10848,8491,20649,11120,9529,22274,11621,10653,31062,15764,15298,35937,18112,17825,31571,15917,15654,24666,12547,12119,25490,13313,12177,23253,12222,11031,19266,9788,9478,12638,6289,6349,10534,5137,5397,6464,3170,3294,3761,1717,2044,3215,1439,1776,1469,610,859,484,170,314,119,33,86,14,,14
重    庆,1647333,814150,833183,9849,5137,4712,68502,35520,32982,85360,44368,40992,75095,39172,35923,103258,54346,48912,120661,59033,61628,129836,62876,66960,159524,78610,80914,116917,58199,58718,92364,45356,47008,159064,78504,80560,145095,70835,74260,113652,54847,58805,73054,36022,37032,82088,39215,42873,48120,22916,25204,30885,14843,16042,19147,8453,10694,10220,4051,6169,3836,1537,2299,718,276,442,88,34,54
四    川,3023299,1489653,1533646,17665,9341,8324,122573,63189,59384,147564,76573,70991,125569,65181,60388,176553,89200,87353,218161,105145,113016,242007,117494,124513,303308,149286,154022,213464,105628,107836,195867,96708,99159,292671,145769,146902,267792,131508,136284,206638,100017,106621,131063,64113,66950,143748,67457,76291,92398,44006,48392,60849,28989,31860,38842,18186,20656,18611,8307,10304,6534,3016,3518,1252,489,763,170,51,119
贵    州,953728,477931,475797,9794,5164,4630,58287,31054,27233,66668,35851,30817,55596,29732,25864,66011,34247,31764,76440,35706,40734,76279,36782,39497,91955,45286,46669,70962,35875,35087,67434,34470,32964,78107,40149,37958,67850,34002,33848,53532,26239,27293,34094,16519,17575,29870,13594,16276,21681,10195,11486,14104,6480,7624,9550,4170,5380,4136,1802,2334,1181,537,644,173,65,108,24,12,12
云    南,1179069,590434,588635,9552,4935,4617,58069,30189,27880,62458,32436,30022,51583,26867,24716,88353,44262,44091,100161,47454,52707,96215,47558,48657,117475,59135,58340,93544,47596,45948,93392,47677,45715,99460,51726,47734,85331,43155,42176,71483,35017,36466,44838,21888,22950,42576,20334,22242,27293,13042,14251,17547,7979,9568,12013,5638,6375,5667,2641,3026,1739,761,978,294,129,165,26,15,11
西    藏,63892,33482,30410,233,119,114,2020,1059,961,2979,1565,1414,2573,1330,1243,6292,3142,3150,5067,2610,2457,6275,3295,2980,7517,3986,3531,6211,3234,2977,5515,2944,2571,5983,3306,2677,4833,2641,2192,3295,1776,1519,1900,984,916,1386,686,700,867,424,443,528,208,320,271,126,145,108,36,72,30,6,24,7,4,3,2,1,1
陕    西,1402903,703473,699430,9449,4879,4570,64740,33695,31045,82324,43143,39181,64935,34502,30433,78921,41395,37526,95753,48206,47547,114626,56508,58118,161104,79397,81707,126730,63622,63108,99192,49829,49363,107795,54592,53203,99159,49547,49612,86612,43218,43394,69171,34059,35112,56201,26852,29349,35428,16940,18488,23407,10705,12702,17007,7528,9479,7998,3713,4285,1991,985,1006,339,152,187,21,6,15
甘    肃,652969,325010,327959,5237,2709,2528,33119,17244,15875,36818,19432,17386,33117,17395,15722,35052,18344,16708,38888,18801,20087,49118,23580,25538,65196,31786,33410,50998,25125,25873,44999,22438,22561,57653,29180,28473,57548,28889,28659,46007,22778,23229,28884,14260,14624,27044,13256,13788,17372,8169,9203,12687,5410,7277,8824,4087,4737,3515,1666,1849,763,399,364,121,60,61,9,2,7
青    海,198574,100427,98147,1445,766,679,8458,4420,4038,10684,5494,5190,9867,5114,4753,10268,5310,4958,12558,6275,6283,16509,8241,8268,19258,9824,9434,14273,7260,7013,15456,7850,7606,18867,9822,9045,19463,9862,9601,14745,7501,7244,8189,4149,4040,6749,3291,3458,4447,2014,2433,3684,1475,2209,2486,1158,1328,909,464,445,228,125,103,26,10,16,5,2,3
宁    夏,286187,141726,144461,2516,1289,1227,15381,7914,7467,17842,9380,8462,16683,8712,7971,17319,8697,8622,18712,8728,9984,22829,10977,11852,28518,13946,14572,23801,11936,11865,22895,11360,11535,24209,12266,11943,22254,11048,11206,16648,8204,8444,10933,5415,5518,10138,4808,5330,6290,2895,3395,4544,1975,2569,3085,1383,1702,1245,617,628,295,150,145,44,25,19,6,1,5
新    疆,870130,437203,432927,5619,2876,2743,37544,19420,18124,56156,29161,26995,46647,24077,22570,48847,25039,23808,52244,26467,25777,66948,33506,33442,85419,43184,42235,65445,32856,32589,64294,32084,32210,87490,44430,43060,82283,41760,40523,58221,29422,28799,34999,17606,17393,26404,12646,13758,18422,7788,10634,16089,6451,9638,11602,5792,5810,4200,2008,2192,1047,528,519,192,92,100,18,10,8
,,,,,,,,,,,,,,,,,,,,,,,,,,,,,,,,,,,,,,,,,,,,,,,,,,,,,,,,,,,,,,,,,,,,,
,,,,,,,,,,,,,,,,,,,,,,,,,,,,,,,,,,,,,,,,,,,,,,,,,,,,,,,,,,,,,,,,,,,,,