x,y,z,area
100.0,0.0,3.0,49.0
-78.08187559054112,71.52939415696922,3.0,49.0
9.471120177670652,-107.918529427023,3.0,49.0
67.05373921904628,87.4597288798114,3.0,49.0
-110.07630824808253,-19.47094900915633,3.0,49.0
95.49298164554817,-60.74481830599018,3.0,49.0
-29.70749587309036,110.51040389136121,3.0,49.0
-53.27635319481516,-102.58037613563562,3.0,49.0
109.58748457114712,40.02117360197857,3.0,49.0
-108.77483088639778,44.90066894343892,3.0,49.0
50.282503312442465,-107.45078894710863,3.0,49.0
35.77741042137517,114.06402214474895,3.0,49.0
-104.18217083891935,-60.37569751643058,3.0,49.0
118.41794748024843,-26.03385356507943,3.0,49.0
-70.19335492379305,99.84282424938966,3.0,49.0
-15.783910800043392,-121.80335027849598,3.0,49.0
94.48784920941931,79.6344593454612,3.0,49.0
-124.18949113756561,5.135625357056177,3.0,49.0
88.6036767879269,-88.17249264742709,3.0,49.0
-5.805574578086998,125.55090280512246,3.0,49.0
-80.9550829612382,-97.0112455034507,3.0,49.0
125.86887409851191,16.93547898681467,3.0,49.0
-104.77315961117993,72.89843549696225,3.0,49.0
28.150616388709548,-125.13231221651432,3.0,49.0
64.07046309638687,111.8115011250816,3.0,49.0
-123.33825785063677,-39.348268269560364,3.0,49.0
118.05484235469014,-54.54433151263614,3.0,49.0
-50.42676648228982,120.49218057242784,3.0,49.0
-44.39833187720739,-123.43867300553262,3.0,49.0
116.60811836936442,61.28595893857469,3.0,49.0
-127.90582324213503,33.71556452289362,3.0,49.0
71.82777637910607,-111.70869553291362,3.0,49.0
22.583489667182903,131.40686348981177,3.0,49.0
-105.82503848106779,-81.95685796611015,3.0,49.0
133.9004674547033,-11.093380022800199,3.0,49.0
-91.58120731285955,98.99660162187783,3.0,49.0
0.6603008594834828,-135.35372848444345,3.0,49.0
91.27091147713006,100.61285866905034,3.0,49.0
-135.74242187176685,-12.580577148903329,3.0,49.0
108.96853794654525,-82.7032352837473,3.0,49.0
-24.56868262385084,135.05120750299375,3.0,49.0
-73.35617931632753,-116.57030646353769,3.0,49.0
133.27376864244056,36.52481462559805,3.0,49.0
-123.34617744892724,63.29922177409767,3.0,49.0
48.34891024798003,-130.41288377808488,3.0,49.0
52.608185000348975,129.23069690050426,3.0,49.0
-126.48042942526472,-59.94143586432837,3.0,49.0
134.16548157355513,-41.36465190966434,3.0,49.0
-71.20418172426783,121.4973126489692,3.0,49.0
-29.655331703671813,-138.0997078355966,3.0,49.0
115.49333285477726,82.04105381173544,3.0,49.0
-140.9905459462189,17.57138020823046,3.0,49.0
92.35885551970557,-108.50697313368245,3.0,49.0
5.207680431089482,142.80353506290123,3.0,49.0
-100.58512213851598,-102.06805201542844,3.0,49.0
143.51289496777807,7.337910802196129,3.0,49.0
-111.08351047338806,91.78272812591213,3.0,49.0
19.965344039135424,-143.1017711773398,3.0,49.0
82.16238742059467,119.32520966164068,3.0,49.0
-141.56241074936403,-32.57317991752768,3.0,49.0
126.71891269306926,-71.7938701490064,3.0,49.0
-45.05940694169203,138.896266745875,3.0,49.0
-60.753586646375076,-133.19679710399402,3.0,49.0
135.11402995095654,57.32226772683435,3.0,49.0
-138.6980368030189,49.12399846339127,3.0,49.0
69.26108704437792,-130.2355870785773,3.0,49.0
36.99297838408864,143.1693308446484,3.0,49.0
-124.28990533749115,-80.77709497383256,3.0,49.0
146.5653744256969,-24.453124312485844,3.0,49.0
-91.77423849056379,117.31484384567904,3.0,49.0
-11.601032289873338,-148.84926797669368,3.0,49.0
109.35689300300871,102.1599748940378,3.0,49.0
-149.99286072357498,-1.4634657352453484,3.0,49.0
111.84604060802347,-100.4708435344606,3.0,49.0
-14.638093448938681,149.97702562433227,3.0,49.0
-90.71938750390753,-120.74918906220077,3.0,49.0
148.79186313779442,27.81894482460434,3.0,49.0
-128.7918915929249,80.17265416599213,3.0,49.0
40.90131547148369,-146.43683185375926,3.0,49.0
68.90768406759712,135.90299557764067,3.0,49.0
-142.92080460128935,-53.780544100933454,3.0,49.0
142.01833434111253,-57.00784532653546,3.0,49.0
-66.35285742307366,138.26204925094316,3.0,49.0
-44.562196499849186,-147.08128373960733,3.0,49.0
132.48813403259294,78.51621173092082,3.0,49.0
-151.0432607388279,31.66480090377562,3.0,49.0
90.17112442809898,-125.63575779869919,3.0,49.0
18.41399765856855,153.8641597496235,3.0,49.0
-117.75050626890221,-101.22148880956114,3.0,49.0
155.51272296884642,-4.911635100915848,3.0,49.0
-111.57536551240264,108.88653589068166,3.0,49.0
8.737727468591709,-155.9668414875425,3.0,49.0
99.10618753821261,121.1457442145363,3.0,49.0
-155.21378447083018,-22.42764345766672,3.0,49.0
129.85126937201656,-88.47953284253533,3.0,49.0
-36.05062160078864,153.25035427925243,3.0,49.0
-77.08385649640115,-137.61692404921743,3.0,49.0
150.0829659855562,49.498980873556334,3.0,49.0
-144.37466620804798,65.00307840217393,3.0,49.0
62.66571092848608,-145.72765033920635,3.0,49.0
52.327120026901504,150.06401218043004,3.0,49.0
-140.2099798387915,-75.4453312075044,3.0,49.0
154.63256244981673,-39.15121979080956,3.0,49.0
-87.73474187088414,133.5649181849198,3.0,49.0
-25.575202740745194,-158.03646530920489,3.0,49.0
125.83659399852608,99.43405972137839,3.0,49.0
-160.24081444177068,11.702710144567801,3.0,49.0
110.44743239618523,-117.07800029670119,3.0,49.0
-2.3596050166914884,161.21997698201392,3.0,49.0
-107.35062181546321,-120.68382424714915,3.0,49.0
160.95784915623358,16.5029103878591,3.0,49.0
-130.05776753039163,96.72399285149848,3.0,49.0
30.6170478936022,-159.44803716702262,3.0,49.0
85.27518885814695,138.4900727788671,3.0,49.0
-156.6939615728325,-44.5914019970548,3.0,49.0
145.90849253329523,-73.08825557025429,3.0,49.0
-58.315775711488556,152.70888401591108,3.0,49.0
-60.253579943617645,-152.24833295625945,3.0,49.0
147.5158557652879,71.68126742628097,3.0,49.0
-157.45300824837105,46.8672076733911,3.0,49.0
84.58114157595328,-141.14758816123378,3.0,49.0
33.0301124984027,161.47453322114023,3.0,49.0
-133.64624566859686,-96.91168620438881,3.0,49.0
164.2739498555396,-18.84742290053012,3.0,49.0
-108.5730505543677,125.06316286405293,3.0,49.0
-4.427612167844364,-165.82168418405712,3.0,49.0
115.45848729133084,119.47005594591705,3.0,49.0
-166.09783037386228,-10.11834189688474,3.0,49.0
129.51297339403513,-104.90075071425244,3.0,49.0
-24.67782107643562,165.09235945502425,3.0,49.0
-93.46637187509963,-138.61826165609898,3.0,49.0
162.80525072625443,39.137447889092265,3.0,49.0
-146.70925968988007,81.23909442077297,3.0,49.0
53.38397686901561,-159.24654447675582,3.0,49.0
68.30936418696304,153.71682784242603,3.0,49.0
-154.43631528170116,-67.3051889518197,3.0,49.0
159.5799324755766,-54.77365052685607,3.0,49.0
-80.790781889572,148.40456575575797,3.0,49.0
-40.73371683170524,-164.24616916264617,3.0,49.0
141.191041278991,93.73324962477666,3.0,49.0
-167.67222005956114,26.295845812164725,3.0,49.0
106.0287436142654,-132.84496683742267,3.0,49.0
11.570025488154693,169.8242415588921,3.0,49.0
-123.42470774148786,-117.57790921106684,3.0,49.0
170.6781788728824,3.3308978320137013,3.0,49.0
-128.28669038421654,112.99735659485606,3.0,49.0
18.292093017900385,-170.22000475756312,3.0,49.0
101.6382494782623,138.06709628255527,3.0,49.0
-168.4458801800398,-33.19763723015441,3.0,49.0
146.83792342624835,-89.43041488407839,3.0,49.0
-47.93142170151253,165.36223534031507,3.0,49.0
-76.46395948206727,-154.5254276379758,3.0,49.0
160.9857700829557,62.37806308079052,3.0,49.0
-161.0639402014013,62.835395311183426,3.0,49.0
76.42381316495437,-155.34337336753023,3.0,49.0
48.646913472047736,166.3964231550768,3.0,49.0
-148.47196210510094,-89.95745983078822,3.0,49.0
170.47495909212657,-34.00560983599315,3.0,49.0
-102.87121202085228,140.41824030611056,3.0,49.0
-19.02266868573376,-173.2611713363537,3.0,49.0
131.23838011771832,115.06156173819052,3.0,49.0
-174.7265709000012,3.8125105564790887,3.0,49.0
126.4301161599845,-120.99762695099778,3.0,49.0
-11.50808914824042,174.85282719314228,3.0,49.0
-109.7698315054647,-136.88439319100152,3.0,49.0
173.63196004522143,26.820903937204378,3.0,49.0
-146.338574041751,97.63691208531918,3.0,49.0
42.007175378227174,-171.06645121102756,3.0,49.0
84.68825116387728,154.71420673182163,3.0,49.0
-167.16927416156992,-56.94854043395623,3.0,49.0
161.94085478362842,-71.0200306853428,3.0,49.0
-71.52795971891251,161.96384160013022,3.0,49.0
-56.73451109235612,-167.9566857828521,3.0,49.0
155.48387078997413,85.63063937668352,3.0,49.0
-172.70899493652223,41.93925952888334,3.0,49.0
99.1449392996773,-147.7731674280222,3.0,49.0
26.746333088311356,176.15465925388304,3.0,49.0
-138.88532944283781,-111.96326049532225,3.0,49.0
178.26051850577028,-11.271423351578052,3.0,49.0
-123.98290454076322,128.88337273067535,3.0,49.0
4.367031212588138,-179.00367968069867,3.0,49.0
117.83928146493118,135.10689826239317,3.0,49.0
-178.37174224607782,-20.048758136743547,3.0,49.0
145.24477702552613,-105.83348621724612,3.0,49.0
-35.65258206104308,176.36294213631885,3.0,49.0
-92.95427370790253,-154.31332032137377,3.0,49.0
172.9862130213174,51.05736681614436,3.0,49.0
-162.2372336910195,79.29713255441534,3.0,49.0
66.14296112990546,-168.26116405397897,3.0,49.0
64.96403990590913,168.9497714266672,3.0,49.0
-162.21797394905147,-80.79114055040534,3.0,49.0
174.39329493607215,-50.06269433281955,3.0,49.0
-94.8865381812152,154.8972019024423,3.0,49.0
-34.70570078276732,-178.51976214336327,3.0,49.0
146.3495165152071,108.31755688654421,3.0,49.0
-181.29114382475518,19.00971381044055,3.0,49.0
120.97725574325082,-136.63534453454477,3.0,49.0
3.094545639092699,182.67976333682398,3.0,49.0
-125.82444185986304,-132.76420369373267,3.0,49.0
182.668556783987,12.91775408991652,3.0,49.0
-143.58329358603564,113.99538988089566,3.0,49.0
28.90383977648073,-181.2512512857361,3.0,49.0
101.23502081141274,153.34651007463412,3.0,49.0
-178.43245963859806,-44.7400252358677,3.0,49.0
161.97364519437625,-87.63777625192867,3.0,49.0
-60.30324555875559,174.22769031758355,3.0,49.0
-73.30500375324179,-169.39295580887855,3.0,49.0
168.66327242208774,75.47201795159441,3.0,49.0
-175.5417575702106,58.34419665536228,3.0,49.0
90.12739403360663,-161.7761958366337,3.0,49.0
42.868182939334595,180.3669505057557,3.0,49.0
-153.6138675423001,-104.15389610762219,3.0,49.0
183.82547186704383,-26.994269248887964,3.0,49.0
-117.44043002165539,144.2337856749263,3.0,49.0
-10.843346611329391,-185.88467243016515,3.0,49.0
133.70313357603803,129.88116739606892,3.0,49.0
-186.52261302385133,-5.461035290434632,3.0,49.0
141.37639020626673,-122.0982967167602,3.0,49.0
-21.793618173078503,185.72827867493618,3.0,49.0
-109.50430598875381,-151.8332909815949,3.0,49.0
183.50170839695645,38.02840219874851,3.0,49.0
-161.1667222055522,96.01421144455654,3.0,49.0
54.039622517160645,-179.85403930119932,3.0,49.0
81.72839112793422,169.29988887813056,3.0,49.0
-174.80746437547302,-69.70272770960581,3.0,49.0
176.16497862533137,-66.75380015849458,3.0,49.0
-84.8953524999391,168.39510394908874,3.0,49.0
-51.20316571966904,-181.7037242104501,3.0,49.0
160.66079153773956,99.49827711667093,3.0,49.0
-185.86789381304607,35.19413404131945,3.0,49.0
113.39636576901077,-151.65877543385955,3.0,49.0
18.848375864103517,188.6197049907283,3.0,49.0
-141.453338071383,-126.47947683768147,3.0,49.0
189.9321588218251,-2.2906572189064343,3.0,49.0
-138.6433375777649,130.11833584325416,3.0,49.0
14.352117350971202,-189.7892913391019,3.0,49.0
117.73666268093626,149.7903763837992,3.0,49.0
-188.18634000147614,-30.951881758839637,3.0,49.0
159.83050597639732,-104.39964131137566,3.0,49.0
-47.38039798587622,185.1298236068605,3.0,49.0
-90.20634668530425,-168.68185123044378,3.0,49.0
180.6375347201669,63.510250662336716,3.0,49.0
-176.2714157768912,75.26286661509427,3.0,49.0
79.21583888217108,-174.73844437063,3.0,49.0
59.681505167375406,182.53568196882546,3.0,49.0
-167.47251945679812,-94.37435751067322,3.0,49.0
187.42113930495955,-43.57993482074026,3.0,49.0
-108.86676030144328,158.89045398041083,3.0,49.0
-27.08030381845026,-190.88473694609078,3.0,49.0
149.05331590659765,122.57869725581402,3.0,49.0
-192.894256538209,10.30830551669006,3.0,49.0
135.40141883424968,-138.0321121120853,3.0,49.0
-6.607783152440804,193.42860216545026,3.0,49.0
-125.90727453015576,-147.23263986385697,3.0,49.0
192.47800489228314,23.5380867200037,3.0,49.0
-157.9773562773923,112.76807122585521,3.0,49.0
40.352132131017875,-190.0441400122904,3.0,49.0
98.71194673245789,167.5486081648862,3.0,49.0
-186.14015579559188,-56.919857868120445,3.0,49.0
175.86818301669643,-83.84379654569798,3.0,49.0
-73.11262342068665,180.79061321311718,3.0,49.0
-68.27518120128093,-182.8672534834819,3.0,49.0
174.0313368082517,88.80421124429336,3.0,49.0
-188.48694447091188,52.12348584943915,3.0,49.0
103.87181338891651,-165.9091775794562,3.0,49.0
35.51103168387455,192.67882492117454,3.0,49.0
-156.48168942588694,-118.19699506889349,3.0,49.0
195.40532020547138,-18.5641459777382,3.0,49.0
-131.66662760289162,145.81672138642872,3.0,49.0
-1.4121978231158405,-196.64004165731734,3.0,49.0
133.99192856557582,144.1737833668615,3.0,49.0
-196.3680304109832,-15.813393040018203,3.0,49.0
155.61858567571173,-121.09420528203074,3.0,49.0
-32.980166686656936,194.58591336793506,3.0,49.0
-107.21904459266972,-165.90900683825666,3.0,49.0
191.3019697915857,49.95564496865841,3.0,49.0
-174.96160801244696,92.46982893075666,3.0,49.0
66.6083570691074,-186.5361077218283,3.0,49.0
76.95705714831794,182.7022149211688,3.0,49.0
-180.31975010033153,-82.80886069004642,3.0,49.0
189.0665239697442,-60.79751376401637,3.0,49.0
-98.43075092383943,172.69563119999017,3.0,49.0
-44.1133866856088,-194.0006338310672,3.0,49.0
163.7175046518043,113.35164892974662,3.0,49.0
-197.46149812914084,27.03134009616847,3.0,49.0
127.45416267034324,-153.4497650542045,3.0,49.0
9.681549563081695,199.4172954521468,3.0,49.0
-141.9669858285031,-140.62681215566826,3.0,49.0
199.84771355798264,7.803293256473376,3.0,49.0
-152.76491189669247,129.3533766433519,3.0,49.0
25.288998680145355,-198.74414529285437,3.0,49.0
115.70216436717519,163.7714035796315,3.0,49.0
-196.10979442273197,-42.64091200189832,3.0,49.0
173.55763233896386,-101.114902113987,3.0,49.0
-59.724953457140764,191.959690272496,3.0,49.0
-85.70071152097618,-182.04406042541598,3.0,49.0
186.32061077328763,76.40865710010154,3.0,49.0
-189.16091253323606,69.57546393078039,3.0,49.0
92.56220052632035,-179.23091422939194,3.0,49.0
52.8609066432989,194.8487475651016,3.0,49.0
-170.74028082641803,-108.05941742011997,3.0,49.0
199.05895216914195,-35.68374084725862,3.0,49.0
-122.77878501647047,160.90936560705416,3.0,49.0
-18.174658236947455,-201.75415197657958,3.0,49.0
149.8093653337701,136.60437873806174,3.0,49.0
-202.90853709588978,0.4673436613534527,3.0,49.0
149.42678650049905,-137.5215023340808,3.0,49.0
-17.30254856141151,202.50809907534233,3.0,49.0
-124.13642907806548,-161.1439754696887,3.0,49.0
200.55077722530035,34.998436804444715,3.0,49.0
-171.66210440357668,109.75355786460402,3.0,49.0
52.48386474058846,-197.04651288947642,3.0,49.0
94.48032058729008,180.89627511288768,3.0,49.0
-192.0172109651067,-69.62355626796581,3.0,49.0
188.77121702939917,-78.43136410849958,3.0,49.0
-86.28446457959019,185.4966086902004,3.0,49.0
-61.727687286191845,-195.22189937217908,3.0,49.0
177.53005243608797,102.3368072258197,3.0,49.0
-200.19406594834123,44.49572616857356,3.0,49.0
117.65507910354336,-168.1741839598248,3.0,49.0
26.866394292978995,203.64468821109597,3.0,49.0
-157.49653827802982,-132.11903545403152,3.0,49.0
205.54233281974481,-8.974085393807387,3.0,49.0
-145.61463716136905,145.5750560159215,3.0,49.0
9.044353862899232,-205.86744059903955,3.0,49.0
132.49751375723628,158.0349509138505,3.0,49.0
-204.61251447400778,-27.05067324623497,3.0,49.0
169.28099711970833,-118.36087656709597,3.0,49.0
-44.9062823626,201.78221465572437,3.0,49.0
-103.27057747563745,-179.2625388536617,3.0,49.0
197.3933600682028,62.47331989545653,3.0,49.0
-187.89880554917104,87.33972929046307,3.0,49.0
79.61572041633912,-191.47483573107016,3.0,49.0
70.68827464612869,195.11914563968355,3.0,49.0
-184.06740654138258,-96.20027049625047,3.0,49.0
200.86360288696602,-53.442080694458134,3.0,49.0
-112.09764590641849,175.2234386250845,3.0,49.0
-35.73198528728059,-205.08341171150437,3.0,49.0
165.00653014893518,127.18342182055927,3.0,49.0
-207.7414074552582,17.692801897785266,3.0,49.0
141.33904811827327,-153.4910541907404,3.0,49.0
-0.5377091323779315,208.81234815499073,3.0,49.0
-140.76161695518041,-154.45278213702215,3.0,49.0
208.28314508114812,18.81989515138016,3.0,49.0
-166.42057152922158,126.9124352877672,3.0,49.0
37.01328346997747,-206.15299999687267,3.0,49.0
112.0466380760773,177.1468802472888,3.0,49.0
-202.43344780916206,-54.977663098197034,3.0,49.0
186.54545110108387,-96.27549673003331,3.0,49.0
-72.57416759930287,197.14830401382787,3.0,49.0
-79.71759049695983,-194.5399988057513,3.0,49.0
190.33351707212447,89.66635068282257,3.0,49.0
-201.06482795998213,62.497912887933055,3.0,49.0
106.12124619175697,-182.03692659402097,3.0,49.0
44.74692596542165,206.06537096124418,3.0,49.0
-172.3179289353488,-121.81040423725997,3.0,49.0
209.49864147128514,-26.599569664581484,3.0,49.0
-136.61089539646673,161.247052537779,3.0,49.0
-8.194233688413751,-211.33359968759024,3.0,49.0
148.90544604613802,150.40627511466698,3.0,49.0
-211.55142634957826,-10.328300172674235,3.0,49.0
163.0875007400779,-135.38428292143556,3.0,49.0
-28.82593719610392,210.14570310699565,3.0,49.0
-120.78408692479853,-174.55379396599162,3.0,49.0
207.12249759686483,47.15636206825488,3.0,49.0
-184.7134418585171,105.21398347210557,3.0,49.0
65.17813599826641,-202.50035230892635,3.0,49.0
88.79088244657818,193.4845301055193,3.0,49.0
-196.31017706213314,-82.75179013187127,3.0,49.0
200.79560263026076,-71.63859860224765,3.0,49.0
-99.74090679872926,188.59504566066548,3.0,49.0
-53.886916190750156,-206.58624226786233,3.0,49.0
179.40989804136137,116.01318019847895,3.0,49.0
-210.80756779983088,35.6706048933109,3.0,49.0
131.44144826772472,-168.82114995962363,3.0,49.0
17.12839453545315,213.42264327702702,3.0,49.0
-156.90621298204834,-145.90468767152223,3.0,49.0
214.40679622973104,1.5980835992936637,3.0,49.0
-159.2889641272169,143.75292825559208,3.0,49.0
20.36538076137695,-213.74784205981285,3.0,49.0
129.45891819956697,171.48833059383168,3.0,49.0
-211.44621262908228,-39.02933172056664,3.0,49.0
182.40566624421785,-114.13086091281642,3.0,49.0
-57.44616427916494,207.51498779418088,3.0,49.0
-97.883692699015,-191.95344957703458,3.0,49.0
201.97982938620416,75.4736087595841,3.0,49.0
-200.05445951813218,80.83974468314126,3.0,49.0
92.97199889101783,-194.8788178867776,3.0,49.0
63.12782001804563,206.6423989019799,3.0,49.0
-186.2621928060142,-109.80535556387291,3.0,49.0
211.66243531030904,-44.88221865569342,3.0,49.0
-125.84244503205208,176.19199851514196,3.0,49.0
-26.24171708198354,-215.07165487119306,3.0,49.0
164.74163802277857,140.9578033184592,3.0,49.0
-216.83942528413732,7.348510780939982,3.0,49.0
155.03271881996577,-151.99533790216242,3.0,49.0
-11.652872497663623,216.94766502931148,3.0,49.0
-138.0475282721283,-167.95616541086085,3.0,49.0
215.39101643699112,30.616680346842532,3.0,49.0
-179.62567870715372,123.00214240154635,3.0,49.0
49.397055684143176,-212.17692103095976,3.0,49.0
106.97184114014313,189.94816857512185,3.0,49.0
-207.32559631140595,-67.84916048645192,3.0,49.0
198.8406614431038,-90.07716797310613,3.0,49.0
-85.83029460699548,200.8699139029386,3.0,49.0
-72.44564104793719,-206.23096650216303,3.0,49.0
192.855179755869,103.20100101991277,3.0,49.0
-212.05826045494683,54.21078902529352,3.0,49.0
119.82614892105809,-183.3388178479703,3.0,49.0
35.51113805702594,216.27358608849013,3.0,49.0
-172.38995958363483,-135.57598626351364,3.0,49.0
218.84026060120283,-16.48915759067301,3.0,49.0
-150.3271535216438,160.0889418218757,3.0,49.0
2.7098269629013276,-219.734190301848,3.0,49.0
146.52671717824364,163.96365075689977,3.0,49.0
-218.94408901371835,-21.93874638598158,3.0,49.0
176.3777503999678,-131.8041809328686,3.0,49.0
-41.04991610943676,216.4715982549773,3.0,49.0
-116.03141953211092,-187.47084856474908,3.0,49.0
212.33130802058903,59.89617229501188,3.0,49.0
-197.15424816710055,99.32688628956946,3.0,49.0
78.3320067921483,-206.5506777566107,3.0,49.0
81.81651046856919,205.34986763183997,3.0,49.0
-199.16985788796805,-96.21469220430035,3.0,49.0
211.99086953140136,-63.632746458179604,3.0,49.0
-113.40538835477845,190.24141303022083,3.0,49.0
-44.91357023408736,-217.02220410449192,3.0,49.0
179.82994877829788,129.7702215647119,3.0,49.0
-220.40106324857567,25.80143072043582,3.0,49.0
145.18132834499366,-168.01164471481678,3.0,49.0
6.442164035634893,222.097241261087,3.0,49.0
-154.8736970115749,-159.5178553587341,3.0,49.0
222.09339931576665,13.01612108883459,3.0,49.0
-172.66690782899,140.513674704401,3.0,49.0
32.424178184955245,-220.3852313969831,3.0,49.0
125.03879439827111,184.5244389460321,3.0,49.0
-216.98153017070572,-51.63276951113834,3.0,49.0
194.99607326636982,-108.56511880110686,3.0,49.0
-70.49381528239277,211.90415204012982,3.0,49.0
-91.21668508595218,-203.9978575889157,3.0,49.0
205.18788141089573,88.8615368060793,3.0,49.0
-211.45693333834538,73.12456963751455,3.0,49.0
106.59358468765045,-196.88019496940203,3.0,49.0
54.425896245958555,217.31212507780285,3.0,49.0
-187.0409275518618,-123.5521433651588,3.0,49.0
221.51444040813604,-35.26279526431603,3.0,49.0
-139.60500339348644,175.74184194549653,3.0,49.0
-15.781321642302114,-224.0274771840104,3.0,49.0
163.06610571067176,154.626593128105,3.0,49.0
-224.82773468341654,-3.8696599144968906,3.0,49.0
168.4989617520966,-149.1076788380313,3.0,49.0
-23.53961413790345,223.9048261008745,3.0,49.0
-133.97061675212714,-181.11270594702614,3.0,49.0
221.26159049042587,43.07749001277921,3.0,49.0
-192.36783292543203,117.76829383721055,3.0,49.0
62.332882343921966,-216.91410305650288,3.0,49.0
100.62255328653701,202.17455301710746,3.0,49.0
-210.89158347303177,-81.15719113040929,3.0,49.0
210.4539955294316,-82.6627896588202,3.0,49.0
-99.40476979977664,203.23620269764592,3.0,49.0
-64.02497105974533,-217.1388421798201,3.0,49.0
194.00278953259826,116.93405341970802,3.0,49.0
-222.17387302152287,44.85060834853873,3.0,49.0
133.60865813933543,-183.2584389605746,3.0,49.0
25.285679195186777,225.5164204478887,3.0,49.0
-171.08202504701396,-149.2984433132992,3.0,49.0
227.13672755939004,-5.479515181402111,3.0,49.0
-163.88052803177075,157.56362194269116,3.0,49.0
14.416339559335922,-227.01820790781045,3.0,49.0
142.80383723855448,177.24025411106786,3.0,49.0
-225.15760438593546,-34.2492894265584,3.0,49.0
189.2720879955799,-126.91306261045314,3.0,49.0
-53.866859255247995,221.5650458046716,3.0,49.0
-110.01064734108743,-199.8804544757245,3.0,49.0
216.26400048570292,73.11786802476963,3.0,49.0
-208.98049563683364,92.22400091431184,3.0,49.0
91.85359532885879,-209.291126991031,3.0,49.0
73.68763143824233,216.49874901599145,3.0,49.0
-200.69602290477758,-109.92893159671117,3.0,49.0
222.3737395537234,-54.54212716400205,3.0,49.0
-127.20350316035264,190.54087337135024,3.0,49.0
-34.933088822328074,-226.55648058046128,3.0,49.0
178.90000187136675,143.54276343759997,3.0,49.0
-229.01087976892666,15.01002089702019,3.0,49.0
158.8190417418533,-165.85932647657097,3.0,49.0
-5.074809710852106,229.7140467077249,3.0,49.0
-151.5157255614522,-172.912541537969,3.0,49.0
228.6564995030017,25.1675389036761,3.0,49.0
-185.71228033530323,135.97631765664823,3.0,49.0
45.113885565025505,-225.84226858823158,3.0,49.0
119.35766080195094,197.11696384196077,3.0,49.0
-221.2888967111582,-64.76033763132698,3.0,49.0
207.0357874951107,-101.78487738956888,3.0,49.0
-83.95533492893662,215.02733486552725,3.0,49.0
-83.39071107625668,-215.38915902727533,3.0,49.0
207.10173473739147,102.5504396529675,3.0,49.0
-222.10933632366144,64.31452288136461,3.0,49.0
120.40148543951729,-197.56913903524057,3.0,49.0
44.70123407252425,227.14097546639596,3.0,49.0
-186.49907186383118,-137.36969612826044,3.0,49.0
230.44158454309493,-24.700223867714953,3.0,49.0
-153.32276552671502,173.97303207723698,3.0,49.0
-4.464190348427304,-231.98187951435634,3.0,49.0
160.08389330129012,168.13588976936222,3.0,49.0
-231.74603918206213,-15.852016719396627,3.0,49.0
181.69274421214902,-144.93521504336104,3.0,49.0
-36.092582224480516,229.73185707209103,3.0,49.0
-128.64047000265646,-193.88639721319646,3.0,49.0
225.95078883527304,56.10192211016894,3.0,49.0
-204.6201536207294,111.32219335146029,3.0,49.0
75.7258806388133,-220.42789457309706,3.0,49.0
93.11106037185169,213.8083213158332,3.0,49.0
-213.2016763036396,-94.81291929775463,3.0,49.0
221.37689473667777,-74.14489939857071,3.0,49.0
-113.21528816875536,204.32381159218056,3.0,49.0
-54.567647532399214,-227.26414993796607,3.0,49.0
193.8587851737707,130.7901706983295,3.0,49.0
-231.4211464098244,34.52825704560526,3.0,49.0
147.4007929921881,-181.88342118539475,3.0,49.0
14.179560798018592,233.81213158906087,3.0,49.0
-168.48631939721398,-162.91748901165903,3.0,49.0
234.41484473728926,6.322894684026954,3.0,49.0
-177.21871337163512,153.76719957967225,3.0,49.0
26.822039546035736,-233.22071762918813,3.0,49.0
137.8361588601873,190.1919938260057,3.0,49.0
-230.2349702842581,-47.160485241773486,3.0,49.0
201.73481597478357,-120.81284760413733,3.0,49.0
-67.18173421914753,225.47660078080267,3.0,49.0
-102.82556999454948,-211.75543323391386,3.0,49.0
218.97826900529807,86.73138534857605,3.0,49.0
-220.1735956702565,84.01031607829101,3.0,49.0
105.65832580020498,-210.7860750075732,3.0,49.0
64.5097325889742,226.92119191624235,3.0,49.0
-200.9592334459856,-123.81590016137055,3.0,49.0
231.94279903659105,-44.47204034392678,3.0,49.0
-141.063047741946,189.56964641076522,3.0,49.0
-24.04990644057872,-235.19613591827004,3.0,49.0
176.7013777016843,157.26539924158968,3.0,49.0
-236.65241648924425,3.399279843050349,3.0,49.0
172.2963242478234,-162.45003240207953,3.0,49.0
-17.32180075034726,236.2965998359341,3.0,49.0
-146.92204632905208,-186.0379213951741,3.0,49.0
234.12753507781247,37.95441763601899,3.0,49.0
-198.38194344065573,130.23389064364906,3.0,49.0
58.3399941456294,-230.15799966420434,3.0,49.0
112.51119756948869,209.23064999649523,3.0,49.0
-224.41463057690967,-78.32151462269486,3.0,49.0
218.49758120359402,-93.887813788424,3.0,49.0
-97.74473494092979,216.9377487464624,3.0,49.0
-74.50478865257071,-226.10824622468752,3.0,49.0
207.781077813317,116.45937422374752,3.0,49.0
-232.00072108003215,54.50930486885669,3.0,49.0
134.32027855013985,-197.01135918166352,3.0,49.0
34.053559771084885,236.1261510358376,3.0,49.0
-184.70786611659972,-151.18854762928348,3.0,49.0
238.44915348135902,-13.293605691687999,3.0,49.0
-166.93261569326614,170.9618204188145,3.0,49.0
7.611841722295863,-238.9481179890387,3.0,49.0
155.875715968676,181.42927819236553,3.0,49.0
-237.61540103755988,-28.502618139671952,3.0,49.0
194.56465627790223,-139.56255415777565,3.0,49.0
-49.218338817482554,234.45741368413698,3.0,49.0
-122.14499691489523,-206.23509152085668,3.0,49.0
229.49460129363362,69.59963108708347,3.0,49.0
-216.34796383672065,103.75444367969395,3.0,49.0
89.4893615742429,-222.7613152618949,3.0,49.0
84.53003927565557,224.82242616474403,3.0,49.0
-214.30557750243094,-108.7338486955839,3.0,49.0
231.59005007761004,-64.6176201810324,3.0,49.0
-127.18405106718795,204.18873929358847,3.0,49.0
-44.168607184284255,-236.5953771729785,3.0,49.0
192.48503689961356,144.69672262990727,3.0,49.0
-239.79637181295118,23.338852841037053,3.0,49.0
161.13552553226572,-179.28104717953823,3.0,49.0
2.2874525134004275,241.1647715291702,3.0,49.0
-164.67504717416458,-176.37209212056874,3.0,49.0
240.6863321920119,18.824471929337328,3.0,49.0
-190.28702776040072,148.7762824089907,3.0,49.0
39.835006441210055,-238.36096584719263,3.0,49.0
131.70414936330545,202.77084665317165,3.0,49.0
-234.20276994564628,-60.582687696675464,3.0,49.0
213.7248333120527,-113.5872982274511,3.0,49.0
-80.90774500518948,228.23994752649062,3.0,49.0
-94.56266269614694,-223.06182291981315,3.0,49.0
220.5146187518597,100.65333168301747,3.0,49.0
-230.7068944025535,74.77442412086822,3.0,49.0
119.66673638458785,-211.08252502988003,3.0,49.0
54.372917864050635,236.59797071350098,3.0,49.0
-200.01262779165745,-137.8005650315447,3.0,49.0
240.6863215248991,-33.513490158232756,3.0,49.0
-154.9138841859035,187.38660480339493,3.0,49.0
-12.355314170490383,-242.9369642682376,3.0,49.0
173.298247689383,170.87331699289263,3.0,49.0
-243.32896023798304,-8.93982569651753,3.0,49.0
185.55408316715256,-157.85276510941316,3.0,49.0
-30.208771973563696,241.85560327567086,3.0,49.0
-141.1659967692019,-198.84097491040987,3.0,49.0
238.5244993735755,51.28824527969512,3.0,49.0
-210.62926112647477,123.36354413894661,3.0,49.0
72.01609886047518,-233.35753637388848,3.0,49.0
104.57982440772314,220.82551283686496,3.0,49.0
-226.39074378397666,-92.23256686275691,3.0,49.0
229.3483432934994,-84.95705480496635,3.0,49.0
-111.78149672891514,217.67404357437545,3.0,49.0
-64.64417497000746,-236.12905692927168,3.0,49.0
207.2708936671669,130.51155619740567,3.0,49.0
-241.11220197802575,43.79571554223538,3.0,49.0
148.2774055739394,-195.2578266518168,3.0,49.0
22.570621574008925,244.25602232728093,3.0,49.0
-181.72388707697758,-164.94082618722936,3.0,49.0
245.53280493442676,-1.131039732546874,3.0,49.0
-180.37179626339466,166.7699714539215,3.0,49.0
20.35892144726441,-244.92911993417732,3.0,49.0
150.50807586403715,194.44950584135404,3.0,49.0
-242.445951385754,-41.73444877228443,3.0,49.0
207.0633028050408,-133.06045678331694,3.0,49.0
-62.831289423625435,238.09871744627387,3.0,49.0
-114.55871141535911,-218.11356262364964,3.0,49.0
231.91717960572961,83.48701409481994,3.0,49.0
-227.5124749645246,95.14278445580662,3.0,49.0
103.54226851461132,-223.9452414722349,3.0,49.0
74.95990879038672,235.18474097039913,3.0,49.0
-214.2406384473107,-122.84200370458893,3.0,49.0
241.06817566877663,-54.16348815124709,3.0,49.0
-141.23667546759944,202.87452047333633,3.0,49.0
-32.91193021797413,-245.11421070116594,3.0,49.0
189.93093086238176,158.5834038220388,3.0,49.0
-247.28829331819486,11.367439046859015,3.0,49.0
174.7470833882123,-175.50618502107267,3.0,49.0
-10.30522395852871,247.5701783775448,3.0,49.0
-159.70815366366924,-189.6014360938226,3.0,49.0
245.95411089914228,31.940001063253845,3.0,49.0
-203.0299979936651,142.65545584912655,3.0,49.0
53.370811544532806,-242.44889756985899,3.0,49.0
124.47656788175597,214.92703249058485,3.0,49.0
-237.07786644169286,-74.4328275913372,3.0,49.0
225.19836279701767,-105.3088547737297,3.0,49.0
-94.96374295096916,229.87871492649273,3.0,49.0
-85.29753157590783,-233.7621170848427,3.0,49.0
220.903247050137,114.80502455136097,3.0,49.0
-240.54938043123383,64.59456243654705,3.0,49.0
133.80313744102514,-210.217001783069,3.0,49.0
43.35750574100779,245.50474837471745,3.0,49.0
-197.89877510563034,-151.81073357632482,3.0,49.0
248.58677764336716,-21.748314115707995,3.0,49.0
-168.68779524673153,184.04003928921753,3.0,49.0
0.06790155715032384,-249.76833040029942,3.0,49.0
168.7442636715467,184.3027242611104,3.0,49.0
-249.03680916441684,-21.92413467404887,3.0,49.0
198.53336841938625,-152.12614197005777,3.0,49.0
-43.652762332429624,246.39428040045783,3.0,49.0
-134.31073190577098,-211.26797726122777,3.0,49.0
241.85748562546289,65.08683183202949,3.0,49.0
-222.40607961315874,115.43251359504745,3.0,49.0
86.06134437440909,-235.457739742212,3.0,49.0
95.63437380335135,231.85927604379526,3.0,49.0
-227.24071717739545,-106.414526083639,3.0,49.0
239.55193997928322,-75.06652373827049,3.0,49.0
-125.98907655097666,217.2661272665763,3.0,49.0
-53.885358584146175,-245.42182192262638,3.0,49.0
205.60728118272803,144.6333852617998,3.0,49.0
-249.42055195620046,32.252267443539566,3.0,49.0
162.20270649298894,-192.35055354368188,3.0,49.0
10.332402747752482,251.51403648076337,3.0,49.0
-177.59474264971283,-178.56028357173614,3.0,49.0
251.68274595079822,11.70658147344953,3.0,49.0
-193.57841376015094,161.45033408944963,3.0,49.0
33.69581281648259,-249.92189119891356,3.0,49.0
144.0386732038085,207.13944547162595,3.0,49.0
-246.24148679484898,-55.466495394505245,3.0,49.0
219.1367000300727,-125.49105260943522,3.0,49.0
-76.85120645715661,240.66630075109038,3.0,49.0
-105.94772164603734,-229.4753107512572,3.0,49.0
233.2356907600361,97.68518477393552,3.0,49.0
-238.07297274744565,85.55682522617046,3.0,49.0
117.80760085954363,-224.00332802105456,3.0,49.0
64.47328012138497,244.86059753261384,3.0,49.0
-213.03681058228088,-137.06279924301364,3.0,49.0
249.7828672271629,-42.85759721427195,3.0,49.0
-155.30150317996637,200.41716897531236,3.0,49.0
-20.874658676463458,-252.79868392437334,3.0,49.0
186.23826775433608,172.3819724795513,3.0,49.0
-253.88151057954988,-1.3075406050164262,3.0,49.0
188.17110546204103,-170.60610735824127,3.0,49.0
-23.51917773943315,253.01960061091282,3.0,49.0
-153.63803148867638,-202.54547647720076,3.0,49.0
250.21611425244933,45.58990285070337,3.0,49.0
-215.39230089436498,135.46184593277826,3.0,49.0
67.35014642863403,-245.489120566641,3.0,49.0
116.21485545070966,226.6103200190423,3.0,49.0
-238.87148490257394,-88.63242297329602,3.0,49.0
236.11059899374894,-96.04282598978341,3.0,49.0
-109.27262090399577,230.41064246567805,3.0,49.0
-75.09888007380846,-243.8172313981046,3.0,49.0
220.16825954245786,129.11126879270603,3.0,49.0
-249.6679449700387,53.54233374375447,3.0,49.0
147.994768146854,-208.21978479030673,3.0,49.0
31.537483889732805,253.61460362089662,3.0,49.0
-194.6538938521537,-165.77658320690108,3.0,49.0
255.62360170659147,-9.252355210959204,3.0,49.0
-182.31837853845843,179.57183138170396,3.0,49.0
13.14258363337093,-255.6761473387106,3.0,49.0
163.08665536100463,197.49109558446654,3.0,49.0
-253.7684323673836,-35.47572486612976,3.0,49.0
211.17595979738277,-145.32238935181832,3.0,49.0
-57.57563743292955,249.91168753526279,3.0,49.0
-126.41308903990944,-223.26541049097457,3.0,49.0
244.13212218252173,79.27238374558955,3.0,49.0
-233.6639461323235,106.50183010124864,3.0,49.0
100.3988272085393,-236.47074876957464,3.0,49.0
85.73962503608278,242.28887843263533,3.0,49.0
-226.983093370454,-120.79192046209506,3.0,49.0
249.07098928560103,-64.28427717596482,3.0,49.0
-140.29396440787391,215.7387941686242,3.0,49.0
-42.299180565793606,-253.95508533914884,3.0,49.0
202.82109085168855,158.75382828959346,3.0,49.0
-256.9004457648576,19.95207485374378,3.0,49.0
176.02812138566236,-188.32620864527505,3.0,49.0
-2.586235316746136,257.88115960315776,3.0,49.0
-172.3626415428456,-191.98230722625075,3.0,49.0
256.8863499055118,25.143186629915274,3.0,49.0
-206.4917516743092,155.05034007092726,3.0,49.0
47.54577913847698,-253.9202827606063,3.0,49.0
136.51980967223633,219.44269670411822,3.0,49.0
-249.00236017357346,-69.62190388768687,3.0,49.0
230.73315226870056,-116.91112648657248,3.0,49.0
-91.20166592832562,242.16699665862987,3.0,49.0
-96.37287795576007,-240.27369926462842,3.0,49.0
233.46338029943388,112.11869254278932,3.0,49.0
-247.98819727475177,75.06103626924846,3.0,49.0
132.2114166053376,-222.95511992103567,3.0,49.0
53.1377731966198,253.81439149108738,3.0,49.0
-210.71978089568378,-151.32432517209523,3.0,49.0
257.70441398605345,-30.77022531801512,3.0,49.0
-169.3091636474211,196.84831296517444,3.0,49.0
-8.129219059698888,-259.6251753046061,3.0,49.0
181.44437429823532,186.02608619894033,3.0,49.0
-259.55864318648975,-14.612034733524219,3.0,49.0
201.344743491493,-164.62355680615434,3.0,49.0
-37.279266707158406,257.50200609037444,3.0,49.0
-146.51251850725382,-215.14529927754631,3.0,49.0
253.46772007352362,59.698485231453986,3.0,49.0
-227.31936791475374,127.24802945490396,3.0,49.0
81.69731270978993,-247.48343847505677,3.0,49.0
106.97593841892909,237.77086547633627,3.0,49.0
-239.59182475098652,-103.10631169208841,3.0,49.0
246.41676777232092,-85.85006813120847,3.0,49.0
-123.76029058603056,229.850249708096,3.0,49.0
-64.03104746814941,-253.18776930447623,3.0,49.0
218.33037527446695,143.4995788991299,3.0,49.0
-258.0288379296966,41.685089441096004,3.0,49.0
162.1712621626563,-205.1176278202016,3.0,49.0
18.982724296693004,260.89966079988625,3.0,49.0
-190.31056489584256,-179.63036698243903,3.0,49.0
261.77497797505777,3.9025026106656875,3.0,49.0
-195.74098702956533,174.02014008157713,3.0,49.0
26.795358225799674,-260.64480096405214,3.0,49.0
156.3688714311232,210.37734122322192,3.0,49.0
-257.51451432747035,-49.52026432028742,3.0,49.0
223.42475586513268,-137.48991974408938,3.0,49.0
-71.90264484923328,252.40485937332994,3.0,49.0
-117.52608360375018,-234.78056305642943,3.0,49.0
245.35179988076956,93.77026779229492,3.0,49.0
-244.35490835906197,96.6287187680989,3.0,49.0
114.95457115987871,-236.4062706938621,3.0,49.0
74.95659009563573,252.07146135024507,3.0,49.0
-225.63381092929515,-135.29196295067516,3.0,49.0
257.8680234547604,-52.67466471897572,3.0,49.0
-154.62508503063086,213.11408443142815,3.0,49.0
-29.952855644877232,-261.69702822058434,3.0,49.0
198.94029097885874,172.80403116518755,3.0,49.0
-263.5259300224356,6.9647253544897785,3.0,49.0
189.68750977249923,-183.21847259263387,3.0,49.0
-16.11384069852069,263.33747802889036,3.0,49.0
-166.06672010824423,-205.1439423770541,3.0,49.0
261.1298731459323,39.10598054936571,3.0,49.0
-219.0524892213525,147.61428594943206,3.0,49.0
61.83521182896828,-256.91680654531916,3.0,49.0
128.00060977147177,231.30399404077238,3.0,49.0
-250.72737929432805,-84.12678711302478,3.0,49.0
241.80184061513495,-107.37426432197515,3.0,49.0
-105.80903809915306,242.6059035164576,3.0,49.0
-85.89182949197708,-250.4627143770257,3.0,49.0
232.61158642388767,126.71469826758265,3.0,49.0
-257.21726307611397,63.7167030944604,3.0,49.0
146.68219383002716,-220.81809946481522,3.0,49.0
41.017857407118186,262.010651265162,3.0,49.0
-207.31303571525493,-165.55689299918416,3.0,49.0
264.8030041812941,-17.96855094708478,3.0,49.0
-183.19230391610296,192.1972595086764,3.0,49.0
5.254994695828015,-265.56973743925596,3.0,49.0
175.5841531312594,199.4512119522177,3.0,49.0
-264.3017698254063,-28.474942857043924,3.0,49.0
214.20674755435675,-157.59876620912814,3.0,49.0
-51.513204309424204,261.0056173753842,3.0,49.0
-138.37687417048213,-227.34337632115293,3.0,49.0
255.7033678279369,74.19280384538463,3.0,49.0
-238.75780358408542,118.06395287417865,3.0,49.0
96.33924043714117,-248.43253546531506,3.0,49.0
96.8140771515325,248.35978641149578,3.0,49.0
-239.24579726987866,-117.78183051647314,3.0,49.0
256.07284665446,-74.78875160475171,3.0,49.0
-138.35502402902364,228.21061224006468,3.0,49.0
-52.15568253885073,-261.8348794040642,3.0,49.0
215.40872660958624,157.8996831114898,3.0,49.0
-265.5986520247285,29.087500369876235,3.0,49.0
176.26431351172602,-200.9355685947421,3.0,49.0
5.760442247158457,267.33218976169877,3.0,49.0
-184.8995371491842,-193.30623921981746,3.0,49.0
267.0190447863366,17.646995052078132,3.0,49.0
-208.8927112000219,167.42119002683347,3.0,49.0
40.95542165362824,-264.6584464337627,3.0,49.0
148.63233723546293,222.90194160598477,3.0,49.0
-260.26533129695093,-63.98593007566828,3.0,49.0
235.2240554211357,-128.67504669972627,3.0,49.0
-86.56146912474824,253.87025276254852,3.0,49.0
-107.70056963735917,-245.76195208845613,3.0,49.0
245.51917049945646,108.50820564283272,3.0,49.0
-254.4320703741947,85.86819378058294,3.0,49.0
129.65686362718384,-235.27312133442263,3.0,49.0
63.34403314147495,261.1650504434343,3.0,49.0
-223.20777386248596,-149.84403040291306,3.0,49.0
265.9062879061416,-40.299763520790314,3.0,49.0
-168.9134197656271,209.4128700370107,3.0,49.0
-16.911313390477286,-268.6163754145074,3.0,49.0
193.99155785735687,186.71708232704793,3.0,49.0
-269.2714282497641,-6.6424798624956125,3.0,49.0
203.1165536874861,-177.05962011518687,3.0,49.0
-30.181238062240293,267.8632912226995,3.0,49.0
-158.74460496648734,-217.98393152270035,3.0,49.0
264.39962512000585,53.5244242685875,3.0,49.0
-231.2028732055187,139.18486485933747,3.0,49.0
76.49272810642627,-258.9038718514598,3.0,49.0
118.52851106134453,242.66950618064084,3.0,49.0
-251.4150983836494,-98.90944376470564,3.0,49.0
252.2932439697809,-96.9322916899442,3.0,49.0
-120.60183007053787,241.98772047740292,3.0,49.0
-74.56040174826386,-259.99750139876755,3.0,49.0
230.6911081710748,141.40244216580876,3.0,49.0
-265.72030340298926,51.58323420428884,3.0,49.0
161.15042451633812,-217.6090758632767,3.0,49.0
28.17608161743589,269.41478257684054,3.0,49.0
-202.8392607394897,-179.69275526550052,3.0,49.0
271.04956148044386,-4.5177982106439645,3.0,49.0
-196.88543230326246,186.49239415036902,3.0,49.0
19.21056739539455,-270.6090165964213,3.0,49.0
168.6914713787834,212.59459185517002,3.0,49.0
-268.09342173416263,-42.82715832878046,3.0,49.0
226.69755090070365,-149.57082602128895,3.0,49.0
-66.15070387620571,263.5189696019563,3.0,49.0
-129.27511595170068,-239.0837653028266,3.0,49.0
256.9176712014548,89.00191145939537,3.0,49.0
-249.6556961661925,107.95822852392614,3.0,49.0
111.2048454845971,-248.33713363706758,3.0,49.0
85.78211330287942,258.32957763553924,3.0,49.0
-237.84021786780272,-132.58828245671515,3.0,49.0
265.03608009304503,-62.915551181171345,3.0,49.0
-152.98703191653183,225.50457885363497,3.0,49.0
-39.53286924089947,-269.7208635081744,3.0,49.0
211.4220914555183,172.2432130067864,3.0,49.0
-272.3450165297691,15.81261115029486,3.0,49.0
190.207476798909,-195.6981663307125,3.0,49.0
-8.063826759197216,272.88537778146167,3.0,49.0
-178.4509609163133,-206.74016491453844,3.0,49.0
271.33473672126917,31.913583311453266,3.0,49.0
-221.71239545160603,159.8104914071932,3.0,49.0
55.55373357720827,-267.70191234758056,3.0,49.0
139.91765240365936,235.00706777019238,3.0,49.0
-262.0117089696272,-78.80269249865141,3.0,49.0
246.51977830446128,-118.9231516230409,3.0,49.0
-101.48161027217638,254.3047492037649,3.0,49.0
-96.98636773254299,-256.1596402391528,3.0,49.0
244.63718530023272,123.4157487621652,3.0,49.0
-263.85000061727965,74.27413996285526,3.0,49.0
144.43582834896569,-233.08029084126454,3.0,49.0
50.95949869847999,269.5290492243162,3.0,49.0
-219.71993577328598,-164.37933482611794,3.0,49.0
273.1503144173709,-27.22034670732277,3.0,49.0
-183.09177625387838,204.65594863633726,3.0,49.0
-3.238101065084187,-274.683041929336,3.0,49.0
188.001370725868,200.42788004605387,3.0,49.0
-274.11245357123795,-20.803693853719768,3.0,49.0
216.25272101235666,-169.8816077589091,3.0,49.0
-44.720771709237624,271.4398836741516,3.0,49.0
-150.43348541185867,-230.4427715956081,3.0,49.0
266.6827920480684,68.32955708952824,3.0,49.0
-242.88686612828283,129.80421584455237,3.0,49.0
91.44857512546538,-259.8746531818517,3.0,49.0
108.15028301911306,253.4870715816914,3.0,49.0
-251.06472235861406,-113.89984699899416,3.0,49.0
262.1594579886534,-85.6362552568802,3.0,49.0
-135.510260609442,240.31768030720679,3.0,49.0
-62.43353404754617,-268.8347624814561,3.0,49.0
227.71315894575034,156.1129058382136,3.0,49.0
-273.4589416954525,38.719048626996646,3.0,49.0
175.5483641092026,-213.34515169004587,3.0,49.0
14.673906270311727,275.9936081386833,3.0,49.0
-197.32131269122158,-193.6659422787741,3.0,49.0
276.41634701292577,9.51799139947683,3.0,49.0
-210.3248413027367,179.7621502261995,3.0,49.0
33.67135551077993,-274.7209108848361,3.0,49.0
160.80012028486618,225.39525061525435,3.0,49.0
-270.9172905403738,-57.600929680280714,3.0,49.0
238.75935971250863,-140.578627172836,3.0,49.0
-81.12291150433728,265.0316613043252,3.0,49.0
-119.25093867239603,-250.31227905791587,3.0,49.0
257.10620506221096,104.05636489340569,3.0,49.0
-259.96286311113244,96.97902397097486,3.0,49.0
126.22461239302949,-247.19880917683392,3.0,49.0
73.93232317108905,267.63442902475265,3.0,49.0
-235.38264443885492,-147.4565967735242,3.0,49.0
273.26536534491083,-50.286457733455286,3.0,49.0
-167.58820139159883,221.74562512279684,3.0,49.0
-26.221891671589255,-276.80962588890367,3.0,49.0
206.38975512957498,186.46351912921673,3.0,49.0
-278.23710484809897,1.9225537080608635,3.0,49.0
203.93606009579528,-189.430365077023,3.0,49.0
-22.425569083473718,277.53389007110445,3.0,49.0
-170.99524604411883,-219.86988873655596,3.0,49.0
274.7023924135231,46.635855392809134,3.0,49.0
-234.14068151906287,151.2236864761775,3.0,49.0
70.52248063543135,-269.7613499894863,3.0,49.0
130.26541951106256,246.63669696769696,3.0,49.0
-262.7457071193144,-93.90184378585957,3.0,49.0
257.25965047804976,-108.2794886836198,3.0,49.0
-116.59397912294132,253.7063687293751,3.0,49.0
-85.43304060561681,-265.9254870627738,3.0,49.0
242.70983191855365,138.42394202624698,3.0,49.0
-272.5650459570926,61.90005378721645,3.0,49.0
159.22315815133337,-229.83769735006572,3.0,49.0
37.8600132727785,277.1246118320507,3.0,49.0
-215.18606405513844,-178.83072557402548,3.0,49.0
279.56634822858484,-13.496541190848559,3.0,49.0
-197.09465984337442,198.86481213456668,3.0,49.0
11.004006328724037,-279.8686097234977,3.0,49.0
180.9967787113744,213.87307230679983,3.0,49.0
-278.0261302649876,-35.45396514518598,3.0,49.0
229.0352725703482,-161.7168333148124,3.0,49.0
-59.66580108894768,274.05008606281825,3.0,49.0
-141.17085965660485,-242.46278652716154,3.0,49.0
267.96803237933455,83.4535489125626,3.0,49.0
-254.0502820239918,119.51465148862616,3.0,49.0
106.63424116548111,-259.8237145349641,3.0,49.0
96.91273090137042,263.70639493410386,3.0,49.0
-249.67675440818036,-129.02931600987304,3.0,49.0
271.3544491599133,-73.53709802945471,3.0,49.0
-150.4659931416861,237.60221466769667,3.0,49.0
-49.56592166921515,-276.93306489446246,3.0,49.0
223.69004391655957,170.7786072114119,3.0,49.0
-280.39665032124185,25.182180779989373,3.0,49.0
189.8098884511035,-208.04440684654247,3.0,49.0
0.572267231243519,281.7157728204267,3.0,49.0
-190.7829043897233,-207.4121806057436,3.0,49.0
280.8774066695558,24.075439530800175,3.0,49.0
-223.44858673519553,172.03568970549802,3.0,49.0
48.57201499345099,-277.88505517099173,3.0,49.0
151.94448664893804,237.79403399418482,3.0,49.0
-272.75874609996026,-72.72943821468034,3.0,49.0
250.3362491079996,-130.66151812409018,3.0,49.0
-96.36203547521369,265.5349003381949,3.0,49.0
-108.34835242764416,-260.976636936258,3.0,49.0
256.2660745317704,119.28790785715704,3.0,49.0
-269.63105525108404,85.17467632890346,3.0,49.0
141.3303317693831,-245.02057958011528,3.0,49.0
61.317004206172726,276.2304796437859,3.0,49.0
-231.88197771900084,-162.31912163302653,3.0,49.0
280.721553309671,-36.95733306303481,3.0,49.0
-182.0919442166668,216.94846189616075,3.0,49.0
-12.281753676563602,-283.06701733760156,3.0,49.0
200.3321220468707,200.49557446809047,3.0,49.0
-283.2460180426035,-12.520971520082078,3.0,49.0
217.38708312529008,-182.15810375131218,3.0,49.0
-37.26085294880628,281.2542888193443,3.0,49.0
-162.5636655890821,-232.63494690032695,3.0,49.0
277.10420495439416,61.748129733302115,3.0,49.0
-246.12007261202905,141.69714229233983,3.0,49.0
85.79472572158974,-270.824710808554,3.0,49.0
119.71682153170568,257.7367272928406,3.0,49.0
-262.4611197596777,-109.2156945085707,3.0,49.0
267.3933670065761,-96.78974284243492,3.0,49.0
-131.83064235258405,252.07478827386512,3.0,49.0
-73.09042780734876,-275.0133578819804,3.0,49.0
239.74266644110534,153.4651180351147,3.0,49.0
-280.53558368602967,48.79955115273792,3.0,49.0
173.95195895227172,-225.5567282629772,3.0,49.0
24.102562879736496,283.9149351245971,3.0,49.0
-209.623285907539,-193.13258304869598,3.0,49.0
285.1226769598768,0.811728057189809,3.0,49.0
-210.85821660680114,192.0621930428865,3.0,49.0
25.75259770406772,-284.1466899669348,3.0,49.0
173.00594321912266,226.99104838371932,3.0,49.0
-280.9915857088004,-50.52886764675069,3.0,49.0
241.40530114142098,-152.59867008200882,3.0,49.0
-74.95037094727292,275.6786930833215,3.0,49.0
-130.9950569640519,-253.9882122380622,3.0,49.0
268.24591657810197,98.82941223278367,3.0,49.0
-264.6409156359826,108.35916410430833,3.0,49.0
121.98221072295142,-258.7474671547025,3.0,49.0
84.86318239124977,273.2792184287377,3.0,49.0
-247.2534676623331,-144.23031509821348,3.0,49.0
279.8342657904434,-60.686123098631164,3.0,49.0
-165.40197931310337,233.84943564698634,3.0,49.0
-36.01245358790832,-284.25308909944624,3.0,49.0
218.6356473669085,185.3334887446758,3.0,49.0
-286.49903287846314,11.030689378421279,3.0,49.0
203.87042643367863,-201.72638774220022,3.0,49.0
-14.068046665099825,286.55205711806326,3.0,49.0
-183.2490918481026,-220.86886962287124,3.0,49.0
284.40891250264514,39.0914870119081,3.0,49.0
-236.19650731943412,163.3433844013374,3.0,49.0
63.84769281370426,-280.08318703060047,3.0,49.0
142.16002448023102,249.7336702028289,3.0,49.0
-273.6052235057262,-88.14652662816881,3.0,49.0
261.3742648612857,-119.85976345611817,3.0,49.0
-111.80111321390599,265.02190836757325,3.0,49.0
-96.61212478996664,-271.0266050643113,3.0,49.0
254.39633331672877,134.62927717029865,3.0,49.0
-278.614133559748,72.59411495901844,3.0,49.0
156.45494635923038,-241.80733216939646,3.0,49.0
47.98887531872596,284.07602871603564,3.0,49.0
-227.3488963365638,-177.10951029424447,3.0,49.0
287.3676912071198,-22.98428517114067,3.0,49.0
-196.43312301468026,211.1294732591078,3.0,49.0
2.2284733014903204,-288.46110685221794,3.0,49.0
193.27115303417892,214.27594037520188,3.0,49.0
-287.3450826684366,-27.45637727292147,3.0,49.0
230.49928217185536,-173.90874933312918,3.0,49.0
-52.50604149146606,284.02535416379214,3.0,49.0
-153.1887815304269,-244.97671009067312,3.0,49.0
278.524562884109,77.18520115666736,3.0,49.0
-257.5950130996557,131.268365730074,3.0,49.0
101.30418807980472,-270.88210422201223,3.0,49.0
108.3140230850598,268.25509260490156,3.0,49.0
-261.15384649214593,-124.67738879119436,3.0,49.0
276.8727404514391,-84.50041445082634,3.0,49.0
-147.12467338157973,249.41172326621148,3.0,49.0
-60.009010990553634,-283.3793036631786,3.0,49.0
235.74320193680498,168.47278407548865,3.0,49.0
-287.7222306781567,35.02671085377516,3.0,49.0
188.55667282975557,-220.2506324328408,3.0,49.0
9.744412476455064,289.8654947383431,3.0,49.0
-203.0504809342259,-207.22077762830403,3.0,49.0
289.78989103082586,15.644444603181828,3.0,49.0
-224.32022760195596,184.27245432225774,3.0,49.0
40.94536025582978,-287.4932051420344,3.0,49.0
164.0585219480837,239.72196763606632,3.0,49.0
-282.99025137141894,-65.96426426444711,3.0,49.0
253.30579373516278,-142.56184209793884,3.0,49.0
-90.50900539412123,276.3127804481505,3.0,49.0
-119.94560127459027,-264.96529108794124,3.0,49.0
267.50925719628117,114.3908275996197,3.0,49.0
-274.6086675128224,96.38177509370328,3.0,49.0
137.42582202634756,-256.64450969273844,3.0,49.0
72.04982020641862,282.15947575824674,3.0,49.0
-243.79925245083152,-159.43634363218837,3.0,49.0
287.5572189769283,-47.135307200500314,3.0,49.0
-180.25238151545216,229.06948713202303,3.0,49.0
-21.82850489774096,-290.7578345829974,3.0,49.0
212.565785233102,199.7128723760168,3.0,49.0
-291.7340526285394,-3.6770731487718766,3.0,49.0
217.66694696020508,-194.41245810728438,3.0,49.0
-29.186148850479242,290.47562579441814,3.0,49.0
-174.74662054914265,-233.97509984183577,3.0,49.0
286.98942907213245,54.50317514667087,3.0,49.0
-248.5102734684687,153.71715499787473,3.0,49.0
79.4338354778482,-281.2994282112791,3.0,49.0
131.4835841848814,261.1588480487882,3.0,49.0
-273.4465170133442,-103.78653566761744,3.0,49.0
271.82152956945777,-108.21486076393676,3.0,49.0
-127.37387675578694,263.48822455930264,3.0,49.0
-84.08808310987422,-280.4141290022418,3.0,49.0
251.49829445813768,150.01409745754455,3.0,49.0
-286.8682265888658,59.28714704961008,3.0,49.0
171.53247514289723,-237.56613918822137,3.0,49.0
34.00134379297187,291.1317159656897,3.0,49.0
-221.79617356593175,-191.76267453538867,3.0,49.0
293.16922380615176,-8.423914756232795,3.0,49.0
-210.54803371723304,204.30703230851984,3.0,49.0
17.24942568488947,-292.96240160910867,3.0,49.0
185.2306775538664,227.74277749653544,3.0,49.0
-290.5100872384005,-42.82198821646537,3.0,49.0
243.2131487377094,-164.7114030514786,3.0,49.0
-68.0976159123748,285.82833481573954,3.0,49.0
-142.90474254026086,-256.83844887445383,3.0,49.0
278.9503125777235,92.88218931037675,3.0,49.0
-268.51197951105894,119.97629057305784,3.0,49.0
116.98511768678968,-269.926069320678,3.0,49.0
96.1004447299093,278.141877767178,3.0,49.0
-258.82217106636836,-140.22080507032942,3.0,49.0
285.65183882785465,-71.45907877607615,3.0,49.0
-162.41007971571685,245.72121057963068,3.0,49.0
-46.24015686239644,-290.98172001841334,3.0,49.0
230.721193347982,183.3815760245365,3.0,49.0
-294.088021626261,20.636299330158195,3.0,49.0
202.97305825255555,-213.93480458573694,3.0,49.0
-5.1566889332151895,294.9442406318603,3.0,49.0
-195.48856274374216,-221.03267577669808,3.0,49.0
293.5410944819171,30.941316340839112,3.0,49.0
-237.4201402078785,175.5218658834408,3.0,49.0
56.51991719401387,-289.88661303178674,3.0,49.0
154.18593810381913,252.00781522408843,3.0,49.0
-284.0060977936118,-81.69616742262544,3.0,49.0
264.6817106570707,-131.64268398542814,3.0,49.0
-106.27659185205691,275.94194864405875,3.0,49.0
-108.0634597311025,-275.3423730906308,3.0,49.0
265.753359162886,130.07205142154174,3.0,49.0
-283.9056660136432,83.62777033264896,3.0,49.0
152.89919891897955,-253.51588278316927,3.0,49.0
58.52190267158347,290.3034334101464,3.0,49.0
-239.32087292805141,-174.58189202526688,3.0,49.0
294.48404155621864,-32.93750496543072,3.0,49.0
-194.95255277552474,223.27480127973254,3.0,49.0
-7.070123395209852,-296.41279472180844,3.0,49.0
205.49845926658708,213.8534629429157,3.0,49.0
-296.07222143830666,-18.88229290883515,3.0,49.0
231.13798533008233,-186.126048756536,3.0,49.0
-44.720907090160445,293.4622289820145,3.0,49.0
-165.30416880213727,-246.67170151001298,3.0,49.0
288.6001247322374,70.24751839582015,3.0,49.0
-260.3334571881746,143.19070608866033,3.0,49.0
95.26608293192795,-281.5205040827874,3.0,49.0
119.95363748442239,272.01630705628526,3.0,49.0
-272.2750056093925,-119.58421967311844,3.0,49.0
281.6283517698592,-95.76975377708756,3.0,49.0
-143.0146901538902,260.9319352150356,3.0,49.0
-70.82331429512361,-289.0934605008541,3.0,49.0
247.5757619827396,165.37684045809934,3.0,49.0
-294.3518733871612,45.30464265551369,3.0,49.0
186.49799439875306,-232.30648945312683,3.0,49.0
19.40867434167653,297.36067911585644,3.0,49.0
-215.23890700383558,-206.21478714256736,3.0,49.0
298.09416382928475,6.666532799482778,3.0,49.0
-224.37442897596154,196.50172693516245,3.0,49.0
32.72131375961584,-296.5440285269551,3.0,49.0
176.23661374709346,240.8358894370327,3.0,49.0
-292.71947314112737,-58.555925673169234,3.0,49.0
255.47099263392897,-154.59711293053317,3.0,49.0
-83.97207950797629,286.6471464855831,3.0,49.0
-131.74748737353474,-268.16541524322463,3.0,49.0
278.3709623051965,108.77446239350365,3.0,49.0
-278.8195794180514,107.86147020222451,3.0,49.0
132.77223889639055,-267.951782681728,3.0,49.0
83.12094352753482,287.3494336332773,3.0,49.0
-255.46697107059586,-155.78051970091903,3.0,49.0
293.6871153468832,-57.714553148404704,3.0,49.0
-177.6217863888171,241.00981824642443,3.0,49.0
-31.836269765187463,-297.78149025651504,3.0,49.0
224.6888454142133,198.1272613366053,3.0,49.0
-299.59856387111864,5.68390767965491,3.0,49.0
217.13821215716865,-206.62698969046778,3.0,49.0
-20.542387703118912,299.12176209243444,3.0,49.0
-186.96067806727578,-234.50718060232776,3.0,49.0
296.3520785024776,46.64167200327813,3.0,49.0
-250.09912641122688,165.838796835079,3.0,49.0
72.4137418934526,-291.3080870733147,3.0,49.0
143.4215642501065,263.7924772310846,3.0,49.0
-284.0258200466554,-97.66067121903019,3.0,49.0
275.4800764474154,-119.87931498381866,3.0,49.0
-122.18833142213006,274.55851176509213,3.0,49.0
-95.39120557843117,-285.07002153485865,3.0,49.0
262.97621026633027,145.80788458691435,3.0,49.0
-292.4863863713712,70.14385074929577,3.0,49.0
168.3372376205999,-249.3652594685175,3.0,49.0
44.32990091679579,297.66982184143194,3.0,49.0
-233.8276557710125,-189.60244636963137,3.0,49.0
300.57802998135674,-18.146571813230373,3.0,49.0
-209.43905884186464,216.48028386293564,3.0,49.0
8.205862609738775,-301.1861078847551,3.0,49.0
197.4540374641732,227.69338716052846,3.0,49.0
-299.4867585812133,-34.52560245312375,3.0,49.0
244.22369841078998,-176.89283161295216,3.0,49.0
-60.61086759587678,295.4903671188626,3.0,49.0
-154.9525139537948,-258.90131515092287,3.0,49.0
289.2249411137889,86.26144503059554,3.0,49.0
-271.61161704276856,131.7996832631008,3.0,49.0
111.28022594109726,-280.7359160683676,3.0,49.0
107.61042417070426,282.25493580521885,3.0,49.0
-270.0858267985846,-135.4747207185699,3.0,49.0
290.7473365041703,-82.56896768891986,3.0,49.0
-158.65854026894638,257.3538473392689,3.0,49.0
-56.86628774072535,-297.0212790566499,3.0,49.0
242.635202708002,180.65283220964864,3.0,49.0
-301.02615473902114,30.698644381301193,3.0,49.0
201.28766088712933,-226.04045689550347,3.0,49.0
4.266084828208915,302.728693442392,3.0,49.0
-207.69468240491025,-220.40332056523954,3.0,49.0
302.11323840530724,22.229086248276438,3.0,49.0
-237.85157163525156,187.7365175772098,3.0,49.0
48.58385547444109,-299.18188616695767,3.0,49.0
166.31711880808743,253.49679027761692,3.0,49.0
-293.9544905157494,-74.59605670256444,3.0,49.0
267.2170226588813,-143.5990155758887,3.0,49.0
-100.06592219268265,286.4685302502339,3.0,49.0
-119.75487695496973,-278.90493546967554,3.0,49.0
276.7788416141333,124.79761714194409,3.0,49.0
-288.46865539588947,94.96619897755298,3.0,49.0
148.6007457712877,-264.95721730646727,3.0,49.0
69.42192282496167,295.83249095904813,3.0,49.0
-251.0918749936408,-171.2918173842564,3.0,49.0
300.93753105713165,-43.31699437095495,3.0,49.0
-192.69566110696812,235.28679925486992,3.0,49.0
-16.850876061581765,-303.7421154768009,3.0,49.0
217.66096186779396,212.64677839945927,3.0,49.0
-304.22217362504284,-9.773977506115271,3.0,49.0
230.9906228939453,-198.34742628001766,3.0,49.0
-36.353668653078664,302.3714287351764,3.0,49.0
-177.492343007394,-247.58479766154431,3.0,49.0
298.2014658312659,62.684418479401195,3.0,49.0
-262.3001606315706,155.25384354419404,3.0,49.0
88.56412955090758,-291.7416627783975,3.0,49.0
131.80084115736253,275.02182958193833,3.0,49.0
-283.03898479599656,-113.7939374248192,3.0,49.0
285.65007888026736,-107.31174766073343,3.0,49.0
-138.17973910056486,272.1576438593471,3.0,49.0
-81.97311591974976,-294.10112097718155,3.0,49.0
259.1786254526703,161.5336866457022,3.0,49.0
-300.3077665298022,55.97821841779643,3.0,49.0
183.67563450116467,-244.1990861575565,3.0,49.0
29.52557271717981,304.2199579578884,3.0,49.0
-227.3316265553645,-204.4345293127922,3.0,49.0
305.8051722004231,-2.817425067130336,3.0,49.0
-223.64973156480974,208.7034448837425,3.0,49.0
23.941796255340588,-305.0486894393269,3.0,49.0
188.45537780827476,241.1722588023873,3.0,49.0
-301.953725581764,-50.547046040984206,3.0,49.0
256.865940820812,-166.74083554329633,3.0,49.0
-76.794233695118,296.54142733535656,3.0,49.0
-143.7246393744021,-270.6084778636857,3.0,49.0
288.8507297635539,102.48178918795355,3.0,49.0
-282.2923936069015,119.58177039275583,3.0,49.0
127.41221139049888,-278.93807726334825,3.0,49.0
94.49603894210874,291.8258755033978,3.0,49.0
-266.8770099563877,-151.3935869001242,3.0,49.0
299.1334959197704,-68.65868489807998,3.0,49.0
-174.24106767333325,252.75761851925756,3.0,49.0
-42.26691944091959,-304.15680840324757,3.0,49.0
236.68587149132725,195.7782960866137,3.0,49.0
-306.8548143693764,15.522419443416453,3.0,49.0
215.83876643721376,-218.78282008128994,3.0,49.0
-11.370214028783149,307.20429648978734,3.0,49.0
-199.1836864387909,-234.26711237140842,3.0,49.0
305.2000160780347,38.205021319397346,3.0,49.0
-250.9203102847096,178.03684225804344,3.0,49.0
64.7762619035561,-300.854772811984,3.0,49.0
155.50268542911718,265.66878937236345,3.0,49.0
-294.1993261855451,-90.8799921410285,3.0,49.0
278.3974397145715,-131.7524232430762,3.0,49.0
-116.31563095869811,285.2821791426931,3.0,49.0
-106.96677138322038,-289.00651055383827,3.0,49.0
274.16922540450497,140.8875014399148,3.0,49.0
-297.41239175582166,81.33457859069604,3.0,49.0
164.40633647024595,-260.9432630472857,3.0,49.0
55.051387473586075,303.5482723337064,3.0,49.0
-245.70337791868906,-186.69073685216165,3.0,49.0
307.3646708526803,-28.317942429724866,3.0,49.0
-207.5685706533888,228.56420148115026,3.0,49.0
-1.3386560709784991,-308.82983350842306,3.0,49.0
209.65504864022103,226.8783029924608,3.0,49.0
-307.92999668416934,-25.67995413270498,3.0,49.0
244.47024598708558,-189.11894204205532,3.0,49.0
-52.53084703016959,304.6695118271546,3.0,49.0
-167.1115302021938,-260.20771919244805,3.0,49.0
299.0708315391704,79.00804467804852,3.0,49.0
-273.9681115329119,143.79990765013312,3.0,49.0
104.90821277633937,-291.1743568394802,3.0,49.0
119.36134603458639,285.6438364766873,3.0,49.0
-281.0381466233173,-130.03222252155246,3.0,49.0
295.14317301322836,-93.98194582693267,3.0,49.0
-154.18668187807106,268.7374913974395,3.0,49.0
-67.85521887973331,-302.3909858612689,3.0,49.0
254.3643544176205,177.18542449021183,3.0,49.0
-307.3293192548966,41.18061263853084,3.0,49.0
198.85094476992563,-238.02668437348842,3.0,49.0
14.161987264204042,309.91785961890014,3.0,49.0
-219.84760475592807,-219.01576809582812,3.0,49.0
310.13426344545604,12.993942703677552,3.0,49.0
-237.5237455453174,199.9644859937113,3.0,49.0
40.079190227730926,-307.974347714402,3.0,49.0
178.52790735177456,254.23126314927904,3.0,49.0
-303.4521412510063,-66.88608908989126,3.0,49.0
269.00835630402645,-155.7005164366155,3.0,49.0
-93.20888643630964,296.59979648023307,3.0,49.0
-131.6557949480401,-281.73972069280967,3.0,49.0
287.467362106866,118.84532233458269,3.0,49.0
-292.3256118540129,106.57674004479945,3.0,49.0
143.59818421464982,-276.1224183182759,3.0,49.0
80.65447134885225,300.6826263791023,3.0,49.0
-262.64957716291184,-167.2768242446126,3.0,49.0
306.74435862404806,-54.08677419396241,3.0,49.0
-189.6986279645157,247.14985179463835,3.0,49.0
-27.076590224550092,-310.4619277664806,3.0,49.0
229.73989928285678,210.6904228627871,3.0,49.0
-311.8043710300159,-0.16953313376471413,3.0,49.0
230.08981602888917,-210.55114266315994,3.0,49.0
-27.443022482927322,310.7588999194501,3.0,49.0
-189.72877883555955,-247.74645054842532,3.0,49.0
307.33101735807816,54.534875454533775,3.0,49.0
-263.5231709194791,167.4306797998942,3.0,49.0
81.23726267473886,-301.54449468320576,3.0,49.0
143.8261955440514,277.2970884567184,3.0,49.0
-293.4412085298654,-107.34512241066575,3.0,49.0
288.96053840757315,-119.09486766372174,3.0,49.0
-132.65773566034602,283.0808387075678,3.0,49.0
-93.42506348662408,-298.4219213268521,3.0,49.0
270.5404292423816,156.98026958550562,3.0,49.0
-305.6064221362618,67.01254109410377,3.0,49.0
180.1252774167823,-255.91381580853525,3.0,49.0
40.058956173871444,310.4566012267281,3.0,49.0
-239.31092380198777,-201.91414328253634,3.0,49.0
312.93285293711284,-12.770322095192812,3.0,49.0
-222.1784608229358,220.85694230510705,3.0,49.0
14.644565031543618,-313.01372775541955,3.0,49.0
200.69138014904016,240.7613349473873,3.0,49.0
-310.6961156301578,-41.975724268190966,3.0,49.0
257.5185966719378,-178.96701119117864,3.0,49.0
-69.01359850379262,305.9952888422301,3.0,49.0
-155.84871678227205,-272.3199216296263,3.0,49.0
298.94480396337923,95.55066152475295,3.0,49.0
-285.0498435759618,131.51223419459268,3.0,49.0
121.38301117332495,-289.5962635076549,3.0,49.0
106.14282051293188,295.60865500823314,3.0,49.0
-278.01893895922717,-146.31193636153685,3.0,49.0
303.91318787515934,-79.93384214843341,3.0,49.0
-170.14544589565386,264.2992579249414,3.0,49.0
-53.08530071622627,-309.8974682659606,3.0,49.0
248.54015920507823,192.69974734684521,3.0,49.0
-313.5132399283168,25.802306516964784,3.0,49.0
213.8006645748409,-230.86032059281237,3.0,49.0
-1.70648872419236,314.73035246556014,3.0,49.0
-211.393265194039,-233.284982970265,3.0,49.0
313.5370110971882,29.230487883190133,3.0,49.0
-251.00171202458625,190.2863529969659,3.0,49.0
56.55876101627733,-309.9398859255077,3.0,49.0
167.69966530806084,266.8132554600787,3.0,49.0
-303.96407972660813,-83.48166214335458,3.0,49.0
280.596479851824,-143.8047904996365,3.0,49.0
-109.79243783821842,295.6529543685132,3.0,49.0
-118.78352028244682,-292.243673441497,3.0,49.0
285.0678170431434,135.2888152836323,3.0,49.0
-301.66338767933337,92.82646640821697,3.0,49.0
159.77455758914923,-272.28746857586384,3.0,49.0
66.13160833153256,308.78115491973426,3.0,49.0
-257.40761713625545,-183.06097441131257,3.0,49.0
313.5400766409986,-38.90278289832609,3.0,49.0
-204.96837624557773,240.54016170964815,3.0,49.0
-11.348127584901931,-315.90127754649154,3.0,49.0
221.81235069233153,225.32746117971516,3.0,49.0
-315.8442219286783,-16.321510820724487,3.0,49.0
243.98062340515114,-201.36582193662676,3.0,49.0
-43.89418992630422,313.3668897302752,3.0,49.0
-179.35553148770856,-260.78317337202475,3.0,49.0
308.4858108103375,71.15849547876174,3.0,49.0
-275.6044601412453,155.9485791151381,3.0,49.0
97.9051627012049,-301.23595700920305,3.0,49.0
131.322939541842,288.3288872274811,3.0,49.0
-291.67049269651017,-123.92868278713374,3.0,49.0
298.8568140351897,-105.66610900555813,3.0,49.0
-149.02888221677568,279.8603855726595,3.0,49.0
-79.17367744687121,-307.1053358593777,3.0,49.0
265.8938805677459,173.01246275653727,3.0,49.0
-313.00893634714606,52.047837198755346,3.0,49.0
195.69449029194132,-249.8758407349011,3.0,49.0
24.495839550491944,316.5200072881906,3.0,49.0
-231.92696005906154,-216.89982102499164,3.0,49.0
317.60923161488677,3.2715890299660373,3.0,49.0
-236.46445403584158,212.1828540895215,3.0,49.0
31.04185890989659,-316.26582653765627,3.0,49.0
190.79303524763876,254.23679976243073,3.0,49.0
-312.49764481100493,-58.60214520801871,3.0,49.0
270.07885458623053,-167.9197805524482,3.0,49.0
-85.74101914476647,306.33113321176245,3.0,49.0
-143.73690033981768,-283.86727242261446,3.0,49.0
297.8111484053169,112.250070319612,3.0,49.0
-295.4943249952717,118.42841731870307,3.0,49.0
137.92550746555648,-287.00063146964084,3.0,49.0
92.18716600506932,304.8687433195893,3.0,49.0
-273.98014343225344,-162.56972538360156,3.0,49.0
311.91643382361354,-65.21332319472064,3.0,49.0
-185.99282600719513,258.8472652436215,3.0,49.0
-37.712880675794494,-316.5810634901915,3.0,49.0
241.71586665365484,208.01408188650316,3.0,49.0
-318.82450940292017,9.89607183579458,3.0,49.0
228.46333081238762,-222.71524946787324,3.0,49.0
-18.024235816795322,318.62716911394983,3.0,49.0
-201.98917162872942,-247.18229081694935,3.0,49.0
315.9881293156237,45.83416992295508,3.0,49.0
-264.0257853875498,179.69475948799428,3.0,49.0
73.3204918629797,-310.92519138222286,3.0,49.0
156.00131650093235,278.8628694098326,3.0,49.0
-303.4747534444447,-100.27223210930154,3.0,49.0
291.5778471072943,-131.08903737553516,3.0,49.0
-126.48230979829606,293.6915497592686,3.0,49.0
-105.14763744411216,-302.0711740647082,3.0,49.0
281.6482492331161,151.7491240857693,3.0,49.0
-310.2602363039634,78.37490768437016,3.0,49.0
175.87810505500724,-267.4349160382902,3.0,49.0
50.97520639760268,316.0800003169351,3.0,49.0
-251.1583363232667,-198.68321224447143,3.0,49.0
319.48352894374057,-23.157899048237166,3.0,49.0
-219.988369252258,232.941216048345,3.0,49.0
4.86424182215275,-320.44235900863134,3.0,49.0
212.92125597151812,239.62882335339262,3.0,49.0
-318.9467376820408,-32.8766643753806,3.0,49.0
257.452419630327,-191.25011075752244,3.0,49.0
-60.66468049636931,315.0057156178482,3.0,49.0
-168.09224007857256,-273.32077976238526,3.0,49.0
308.64709601148513,88.01511146765853,3.0,49.0
-287.11037634150983,143.62366041134288,3.0,49.0
114.71792368165255,-299.917239828698,3.0,49.0
118.03060700485621,298.7134943740121,3.0,49.0
-288.88072855812214,-140.567841837673,3.0,49.0
308.0390724851372,-91.50811619211736,3.0,49.0
-165.36592723133944,275.61988693486035,3.0,49.0
-64.25853883914353,-315.01341725858543,3.0,49.0
260.2341691585838,188.9211089994751,3.0,49.0
-319.5807851097374,36.48999626367351,3.0,49.0
211.05165653275145,-242.83941318001706,3.0,49.0
8.414790408060384,321.7038271018306,3.0,49.0
-223.566968645941,-231.58658170805964,3.0,49.0
321.36389316103276,19.75221958687948,3.0,49.0
-250.36696011984105,202.5627050672282,3.0,49.0
47.795261990842356,-318.5611932212459,3.0,49.0
179.98590769939082,267.2471611003648,3.0,49.0
-313.3148139243436,-75.4993056851517,3.0,49.0
282.0959770085961,-156.0080694935292,3.0,49.0
-102.6517092872654,305.6625906080099,3.0,49.0
-130.81158828071307,-294.7976430306532,3.0,49.0
295.66083542293313,129.04385354897,3.0,49.0
-305.25273956609885,104.58837908845031,3.0,49.0
154.47274449464282,-283.3839235253014,3.0,49.0
77.53841214831398,313.37897016716425,3.0,49.0
-268.9237403808827,-178.74257497829976,3.0,49.0
319.1118089456469,-49.86818773384534,3.0,49.0
-201.66623264519296,252.3889942850518,3.0,49.0
-21.789159463021598,-322.4050123574611,3.0,49.0
233.90439924076406,223.06674268322107,3.0,49.0
-323.23099131004807,-6.483881894021598,3.0,49.0
242.77863423837945,-213.60973433565212,3.0,49.0
-34.73445174688604,321.5810406051719,3.0,49.0
-191.65878671245787,-260.649219943251,3.0,49.0
317.4654238208862,62.74602958132816,3.0,49.0
-276.5397786637886,168.2181861265408,3.0,49.0
90.30371872137512,-310.91331284329675,3.0,49.0
143.46613992327653,290.3266323024106,3.0,49.0
-301.9725823726983,-117.19589523187578,3.0,49.0
301.9021082991754,-117.59107804028392,3.0,49.0
-143.2158333073617,290.7094608411873,3.0,49.0
-90.79021833860646,-311.17538034141825,3.0,49.0
277.2080402814111,168.16329466135886,3.0,49.0
-318.0731807191257,63.26806318779119,3.0,49.0
191.84606969448484,-261.56964877024365,3.0,49.0
35.23483876742013,322.54037874142796,3.0,49.0
-243.91209012853577,-214.08145857785215,3.0,49.0
324.5404206514622,-6.904888997852221,3.0,49.0
-234.6976808378187,224.3687565805521,3.0,49.0
21.504963627808426,-324.0556275346933,3.0,49.0
203.0876210563826,253.5352025656165,3.0,49.0
-321.08734880149757,-49.77707777303182,3.0,49.0
270.4479709968138,-180.23011674996656,3.0,49.0
-77.69466084142356,315.6559699301178,3.0,49.0
-155.96991241720025,-285.3045469062308,3.0,49.0
307.8007742725164,105.04343163522721,3.0,49.0
-297.98912603853876,130.49159270618173,3.0,49.0
131.61326533515987,-297.5796598446479,3.0,49.0
103.9892535487215,308.402441637452,3.0,49.0
-285.0687131356423,-157.19980817150818,3.0,49.0
316.46254104077445,-76.66502330309125,3.0,49.0
-181.6060493769389,270.3616430688168,3.0,49.0
-48.7275209174594,-322.1054302677013,3.0,49.0
253.5690793228489,204.64383832738787,3.0,49.0
-325.2855815314057,20.390262877046617,3.0,49.0
226.1353351863583,-234.81774026560325,3.0,49.0
-8.129968898139415,325.97629965637304,3.0,49.0
-214.24947675795218,-245.91438386692644,3.0,49.0
324.1699444581979,36.61478572724233,3.0,49.0
-263.82779671098206,192.0201990427241,3.0,49.0
64.84586472094517,-319.87800724538715,3.0,49.0
168.29869483727205,279.7365409523104,3.0,49.0
-313.1310407196875,-92.60662240076095,3.0,49.0
293.51681777401245,-143.26534759008433,3.0,49.0
-119.68387655350585,303.9784426750229,3.0,49.0
-117.1107646358526,-305.06102558582654,3.0,49.0
292.4880950166743,145.86948356746024,3.0,49.0
-314.2786000269699,90.03432568346989,3.0,49.0
170.96193867283566,-278.74586073325673,3.0,49.0
62.24266269210627,321.09672413847363,3.0,49.0
-262.85494254581306,-194.7679267819086,3.0,49.0
325.46090313849777,-33.948082726977965,3.0,49.0
-217.10381199154972,244.93510802256185,3.0,49.0
-5.366945834485007,-327.3353992672339,3.0,49.0
225.12178697631327,237.7970542701412,3.0,49.0
-326.70352323685967,-23.2819896674697,3.0,49.0
256.68754239859896,-203.56504794638795,3.0,49.0
-51.77924182677201,323.5677799184224,3.0,49.0
-180.42846150043553,-273.62883286727543,3.0,49.0
317.94986701312365,79.9062868002278,3.0,49.0
-288.4892851421495,155.88785896665308,3.0,49.0
107.44723481438618,-309.89052658171136,3.0,49.0
130.12999601677294,301.15308449952306,3.0,49.0
-299.4492504339244,-134.19048748831386,3.0,49.0
311.5211444824777,-103.35113125856175,3.0,49.0
-159.93036379361615,286.7038415015389,3.0,49.0
-75.7555306577095,-319.5118819481194,3.0,49.0
271.7498344249079,184.46868215574645,3.0,49.0
-325.06185864517954,47.55390918775397,3.0,49.0
207.61628652544348,-254.69977966548527,3.0,49.0
18.961821598561166,328.12628427945003,3.0,49.0
-235.68239650733884,-229.19450466757652,3.0,49.0
328.6793770820609,9.801985404980988,3.0,49.0
-249.03652742364062,214.8416013210094,3.0,49.0
38.517246975165676,-326.71457898465945,3.0,49.0
192.33541842547137,266.9886982998078,3.0,49.0
-322.2446236178218,-66.96386711478632,3.0,49.0
282.91170341031295,-168.3347817909721,3.0,49.0
-94.92360592895146,315.30145647599153,3.0,49.0
-143.02223667016037,-296.68165256091294,3.0,49.0
305.93600772527515,122.1817541989391,3.0,49.0
-308.1910430834829,116.59055102062915,3.0,49.0
148.52878242700086,-294.21781926084236,3.0,49.0
89.24124728277698,317.3495989242338,3.0,49.0
-280.234528739807,-173.76195168502838,3.0,49.0
324.0849784377648,-61.18306569729166,3.0,49.0
-197.68687388131352,264.0912144147073,3.0,49.0
-32.63037088175388,-328.3433453399846,3.0,49.0
245.90960566361517,220.11900943619756,3.0,49.0
-330.0897983172007,3.801513831655776,3.0,49.0
240.88509082641414,-225.82716514723913,3.0,49.0
-25.0828381359626,329.30865586843004,3.0,49.0
-203.99604951318392,-259.8244610158706,3.0,49.0
326.00359406496875,53.801390720833794,3.0,49.0
-276.79031643328295,180.58195650514898,3.0,49.0
82.133918324836,-320.1976360370073,3.0,49.0
155.7628672130631,291.65084487963276,3.0,49.0
-311.93299313298274,-109.86295308909025,3.0,49.0
304.2902495453735,-129.7276930121602,3.0,49.0
-136.77545432663717,301.2707588347012,3.0,49.0
-102.67483747866547,-314.60965118259327,3.0,49.0
288.29045764141085,162.66444553300047,3.0,49.0
-322.5278614047921,74.81068423005604,3.0,49.0
187.33060639487476,-273.08945224961695,3.0,49.0
46.348022218765706,327.98202106772516,3.0,49.0
-255.78221344652366,-210.5838075480832,3.0,49.0
330.9280987156824,-17.504420493300838,3.0,49.0
-232.2445762685637,236.49945818929064,3.0,49.0
11.49943515601075,-331.3412451441914,3.0,49.0
215.38716236034307,252.14548179437372,3.0,49.0
-329.21600123103894,-40.44143094887868,3.0,49.0
270.13242958562984,-192.60545565443817,3.0,49.0
-69.09972633957133,324.56635730968,3.0,49.0
-168.32740696416937,-286.0658545169747,3.0,49.0
317.4256634959828,97.25445468201634,3.0,49.0
-299.8218037632858,142.7377094777135,3.0,49.0
124.68941029596685,-307.84639152161583,3.0,49.0
116.03127547991173,311.2929009768643,3.0,49.0
-295.8997497665217,-151.1937089872822,3.0,49.0
320.3891842570505,-88.4117515491366,3.0,49.0
-176.56340926730618,281.67515431010486,3.0,49.0
-60.08996546238729,-327.03881137423855,3.0,49.0
265.2795599273228,200.6030818062483,3.0,49.0
-331.1886267222896,31.28231665484709,3.0,49.0
223.12731504125097,-246.8366560333212,3.0,49.0
2.2091225235556498,332.80458552864746,3.0,49.0
-226.48593362028151,-243.96214533857693,3.0,49.0
331.8720319419985,26.907066785580312,3.0,49.0
-262.9464006774983,204.38163022477332,3.0,49.0
55.843172215263515,-328.3958287347432,3.0,49.0
180.69156090542276,279.93294747672337,3.0,49.0
-322.4003374933242,-84.37729521228412,3.0,49.0
294.7898309176315,-155.59584409188233,3.0,49.0
-112.29041962011729,313.92924931488574,3.0,49.0
-129.28553198008308,-307.4012999266411,3.0,49.0
303.04526717504297,139.36809299378032,3.0,49.0
-317.66870885558694,101.96115588928116,3.0,49.0
165.40207442826713,-289.8296422699297,3.0,49.0
73.83119765771785,325.51128883735595,3.0,49.0
-274.381567757434,-190.1919362371782,3.0,49.0
330.86678278710104,-45.11049873066738,3.0,49.0
-213.54660716079354,256.8174344189948,3.0,49.0
-16.01861908273806,-333.6919390595303,3.0,49.0
237.26995382609613,235.28584522025156,3.0,49.0
-333.9628598521401,-13.221841488293279,3.0,49.0
255.24162886343063,-215.88715561648064,3.0,49.0
-42.386946859215215,331.6752015545636,3.0,49.0
-192.83126645623025,-273.25945566460234,3.0,49.0
326.8442253769625,71.25313983234412,3.0,49.0
-289.19953853928325,168.2774791777517,3.0,49.0
99.59895599974182,-319.5046977369321,3.0,49.0
142.41262143329365,302.93789021267764,3.0,49.0
-309.71064103592465,-127.20672307975755,3.0,49.0
314.36728752876263,-115.43373398233322,3.0,49.0
-153.86423268477685,297.53493660391734,3.0,49.0
-87.5465694329762,-323.39810810100215,3.0,49.0
283.0687827261298,179.3663716789684,3.0,49.0
-329.95903277790734,58.96402287696121,3.0,49.0
203.51670058337467,-266.421011779332,3.0,49.0
29.904506390124407,333.99760841980674,3.0,49.0
-247.71727158911213,-226.12896688069665,3.0,49.0
335.4806665494295,-0.5902798111063702,3.0,49.0
-247.0285415606223,227.09907716505202,3.0,49.0
28.754249442791618,-334.39459454010915,3.0,49.0
204.72273997003705,266.0537678248878,3.0,49.0
-330.74545713316957,-57.90424451510884,3.0,49.0
283.05721153507506,-180.75818282520652,3.0,49.0
-86.63616204853427,324.5589672217195,3.0,49.0
-155.3876494360251,-297.9068037304268,3.0,49.0
315.880305992913,114.72946671717759,3.0,49.0
-310.4868663620625,128.80431834080014,3.0,49.0
141.9683242008774,-304.77379367584564,3.0,49.0
101.21083182436199,320.699013277684,3.0,49.0
-291.3224132888287,-168.14325960344402,3.0,49.0
328.46291944043037,-72.81775100082028,3.0,49.0
-193.05276857036318,275.62719090898673,3.0,49.0
-43.841948845160246,-333.7169523697318,3.0,49.0
257.80643709029437,216.5048687130668,3.0,49.0
-336.4186608431894,14.504953439466258,3.0,49.0
238.3185793937941,-237.99485512483002,3.0,49.0
-14.968745908054194,336.54511698863035,3.0,49.0
-216.3425228679325,-258.3253184639759,3.0,49.0
334.09310901624417,44.3534167174134,3.0,49.0
-276.37020517592606,193.01375582321495,3.0,49.0
73.42381241413867,-329.07918298351694,3.0,49.0
168.1858601004876,292.313259197681,3.0,49.0
-321.5395331418097,-101.9568991831938,3.0,49.0
306.0304864487218,-142.0477847114804,3.0,49.0
-129.7335673587827,311.52974157401053,3.0,49.0
-114.79868344825802,-317.4148433340642,3.0,49.0
299.1243689888398,156.54031421641065,3.0,49.0
-326.37707187928237,86.64639729132918,3.0,49.0
182.17088524150205,-284.4163996802264,3.0,49.0
57.80586891322748,332.84639925239975,3.0,49.0
-267.51654478092564,-206.42786125609243,3.0,49.0
336.77109619274705,-28.4975013739577,3.0,49.0
-229.12417918935722,248.55240902960944,3.0,49.0
1.0545264569811719,-338.1188899439647,3.0,49.0
227.66752732162755,250.0845747759917,3.0,49.0
-336.8772284000892,-30.623974874708495,3.0,49.0
269.14693605497587,-205.0202783174336,3.0,49.0
-59.98427558779742,333.05339331162025,3.0,49.0
-180.7826833315476,-286.16355721561166,3.0,49.0
326.67446155390246,88.91026797670177,3.0,49.0
-301.0022830928026,155.13909961156122,3.0,49.0
117.1799260545196,-317.78711462423865,3.0,49.0
128.28481793423728,313.547535443644,3.0,49.0
-306.45729769795236,-144.57606288271964,3.0,49.0
323.7012130361982,-100.42457518787567,3.0,49.0
-170.88799935597152,292.76973072821073,3.0,49.0
-71.77099327106296,-331.38345854201333,3.0,49.0
276.82727521094984,195.91318453221447,3.0,49.0
-336.5332862391827,42.542956212550195,3.0,49.0
219.45875504465226,-258.75016134597195,3.0,49.0
12.963937900838445,339.10906559481236,3.0,49.0
-238.67508139968203,-241.34302158878796,3.0,49.0
339.08885689654323,16.739706798699476,3.0,49.0
-261.39687102649896,216.75415610572747,3.0,49.0
46.34047446973132,-336.4705962338618,3.0,49.0
193.1537819190563,279.46507328636227,3.0,49.0
-331.27212828268557,-75.61145585284778,3.0,49.0
295.4074829601671,-168.05336785906738,3.0,49.0
-104.32807548424037,323.5310865122943,3.0,49.0
-141.64397153147476,-309.1001262943336,3.0,49.0
313.3046216031731,132.26981492618737,3.0,49.0
-320.436165145743,114.12684469965771,3.0,49.0
159.22190636484095,-300.6689800287759,3.0,49.0
85.71189947854671,329.3267304076441,3.0,49.0
-285.71893590466857,-184.97698356678913,3.0,49.0
335.70161840572854,-56.61610684207299,3.0,49.0
-209.33667750177787,268.5670803361392,3.0,49.0
-27.06183966405349,-339.50984480956515,3.0,49.0
249.34297359149738,232.11314435248028,3.0,49.0
-340.720051692402,-2.7248270520167663,3.0,49.0
253.1305141402082,-228.19216648450328,3.0,49.0
-32.51584575987198,339.3207644945547,3.0,49.0
-205.27509835752056,-272.2262487941522,3.0,49.0
335.320496793645,62.08294254011704,3.0,49.0
-289.25239917660286,180.7658800093203,3.0,49.0
91.19936648034074,-328.74770195004055,3.0,49.0
154.8509708006137,304.07675134246244,3.0,49.0
-319.6505718690503,-119.64162885755941,3.0,49.0
316.58385315240304,-127.72775998949518,3.0,49.0
-147.1912187817511,308.09668429378115,3.0,49.0
-99.60306309169023,-326.675913268871,3.0,49.0
294.17250120504116,173.63628212849508,3.0,49.0
-334.2735655358655,70.69154472106642,3.0,49.0
198.77325085912682,-277.9827220483836,3.0,49.0
41.214079939147986,339.3164927696286,3.0,49.0
-259.6494966245251,-222.40841019636633,3.0,49.0
341.76390506024796,-11.396066623901259,3.0,49.0
-244.35939158932547,239.3115035593614,3.0,49.0
18.5342982459335,-341.5948687955101,3.0,49.0
217.12290130533674,264.4565799606575,3.0,49.0
-338.8084837596546,-48.34776520724445,3.0,49.0
282.544424376168,-193.25215960901102,3.0,49.0
-77.81578845936752,333.4239068222467,3.0,49.0
-167.8807803027446,-298.48264200857255,3.0,49.0
325.48022190730245,106.71227808677126,3.0,49.0
-312.1473060767196,141.20191713433718,3.0,49.0
134.8153349219155,-315.0361571110805,3.0,49.0
113.41890513061303,323.43180932336026,3.0,49.0
-302.1696510095461,-161.90895473448654,3.0,49.0
332.2476955417304,-84.74371069326664,3.0,49.0
-187.78468865729175,286.9772713544389,3.0,49.0
-55.395314242328794,-338.5253526666099,3.0,49.0
269.5734904912322,212.24324708372978,3.0,49.0
-342.2145620014809,25.598037749573933,3.0,49.0
235.09603469453,-250.0898229343405,3.0,49.0
-4.420170063046175,343.2848992518567,3.0,49.0
-228.67383159624723,-256.1666047892199,3.0,49.0
341.7259841674314,34.429477749532246,3.0,49.0
-275.29202170663626,205.48801017959659,3.0,49.0
64.19993104628664,-337.5475767536206,3.0,49.0
180.70855019693263,292.32412081415293,3.0,49.0
-330.7795191879197,-93.503215178569,3.0,49.0
307.13065632189523,-154.52400197429625,3.0,49.0
-122.1144060625449,321.47152375837516,3.0,49.0
-127.13383981541098,-319.5963280301571,3.0,49.0
309.6928083224889,149.81369696702964,3.0,49.0
-329.6236790390667,98.74694224636217,3.0,49.0
176.38808737935346,-295.53158195499367,3.0,49.0
69.57999892072847,337.1338574322451,3.0,49.0
-279.09438460370507,-201.6330210975111,3.0,49.0
342.0672359833013,-39.85585633693706,3.0,49.0
-225.35396094948425,260.5052856950601,3.0,49.0
-9.801814998722177,-344.38388501757964,3.0,49.0
239.90494771639428,247.3678880161023,3.0,49.0
-344.06389468336494,-20.352108967774868,3.0,49.0
267.50471380263474,-217.4495618421243,3.0,49.0
-50.3749444435345,341.107544038183,3.0,49.0
-193.30966365779452,-285.6085944621972,3.0,49.0
335.5353155280978,80.03653471461267,3.0,49.0
-301.539136916029,167.6688379617862,3.0,49.0
109.10930208203465,-327.38775462203563,3.0,49.0
140.7223224822391,315.17248753614825,3.0,49.0
-316.7251755500954,-137.36999415274076,3.0,49.0
326.4022949485771,-112.67552112976142,3.0,49.0
-164.60139841005835,303.6272152754176,3.0,49.0
-83.74243810873575,-335.14053947347315,3.0,49.0
288.19223899444347,190.59401189439689,3.0,49.0
-341.3182227348092,54.14404482602323,3.0,49.0
215.14765315824474,-270.5366016013374,3.0,49.0
24.106592060823758,344.8859120389619,3.0,49.0
-250.7937706602113,-238.07300409162048,3.0,49.0
345.81413523056943,6.140119710726846,3.0,49.0
-259.1930697416547,229.11331749505052,3.0,49.0
36.36449861132722,-344.0936228768248,3.0,49.0
205.65978402369228,278.3445448689959,3.0,49.0
-339.7353957992464,-66.33493482356751,3.0,49.0
295.3790766895599,-180.61143392101067,3.0,49.0
-95.82157563398094,332.77069715598805,3.0,49.0
-154.15889759022204,-310.16441403744807,3.0,49.0
323.25076946883127,124.59808845462267,3.0,49.0
-322.58543404766107,126.50372124303101,3.0,49.0
152.4433982978278,-311.2464781780391,3.0,49.0
97.85683113283511,332.54503838899114,3.0,49.0
-296.84778448610365,-179.14338636468142,3.0,49.0
339.9649120710835,-68.43692464462718,3.0,49.0
-204.49253669503588,280.16307140906014,3.0,49.0
-38.468800515455555,-344.78613889756036,3.0,49.0
261.31832808257246,228.29551821452077,3.0,49.0
-346.9696687313004,8.181640935880838,3.0,49.0
250.36868999901264,-240.45619846073888,3.0,49.0
-22.192741337928904,346.4966328701093,3.0,49.0
-217.73490159013625,-270.541518155827,3.0,49.0
343.3685049924607,52.421677452978514,3.0,49.0
-288.65789338910054,193.32703163195484,3.0,49.0
82.27342492435092,-337.60710631483386,3.0,49.0
167.41824673355788,304.57733906939563,3.0,49.0
-329.2544547953992,-111.51894443923386,3.0,49.0
318.1761004587786,-140.2058567102365,3.0,49.0
-139.93365737546384,318.3724594142478,3.0,49.0
-111.89732028169917,-329.34810664618897,3.0,49.0
305.04246174886663,167.2991705468667,3.0,49.0
-338.0057977169557,82.70866330984741,3.0,49.0
193.4049549280795,-289.3646282360188,3.0,49.0
52.8628300992092,344.08081070745607,3.0,49.0
-271.4571976585751,-218.04996545370122,3.0,49.0
347.52451897331446,-22.58798034423712,3.0,49.0
-241.0441894280037,251.45558950936277,3.0,49.0
7.884255265547703,-348.3084207189937,3.0,49.0
229.51137995516643,262.21011161872633,3.0,49.0
-346.42437358957676,-38.32054744422567,3.0,49.0
281.3840847376423,-205.79115314440162,3.0,49.0
-68.48765514826408,341.8846734031709,3.0,49.0
-180.47523656380991,-298.4175947268656,3.0,49.0
334.721976295669,98.15421317017372,3.0,49.0
-313.17841106784687,153.7563300453788,3.0,49.0
127.0925067850726,-324.9890647494442,3.0,49.0
125.83803884764811,325.55161320362066,3.0,49.0
-312.75845917473464,-155.08021983651136,3.0,49.0
335.4404851074968,-96.93332197925577,3.0,49.0
-181.9021428406771,298.12187789781444,3.0,49.0
-67.2628675912386,-342.7672710358345,3.0,49.0
281.18954957445146,207.35182798390545,3.0,49.0
-347.47378656117473,37.053407833117234,3.0,49.0
231.2331782851043,-262.0893831816667,3.0,49.0
6.535986041729161,349.521880086739,3.0,49.0
-240.96600183672484,-253.36195868926978,3.0,49.0
348.893741185711,24.05581049257863,3.0,49.0
-273.567217447038,217.9796477411548,3.0,49.0
54.48763866338564,-345.5920532800589,3.0,49.0
193.30496654135356,291.69260681372555,3.0,49.0
